"","Source","Symbol","ChangePerc","ClosePrice","OpenPrice","ChangeInDollars","Volume","HighPrice","LowPrice","PreviousClose","YearHigh","YearLow","NShares","PE","MarketCap","Dividend","DividendYield","EPS"
"1","bloomberg","sial","1.172","74.24","73.54",0.86,"674663","74.265","73.07","73.38","74.26","48.8","121827000","21.771","9044402000","0.18","917","3.41"
"2","google-finance","sial","1.17","74.24","73.54",0.86,"673614","74.26","73.07","73.38","74.26","48.8","121800000","22.66","9.04e+09","0.18","0.97","3.28"
"3","msn-money","sial","1.17","74.24","73.54",0.86,"673614","74.27","73.07","73.38","73.6","48.8","121830000","22.63","8.94e+09","0.72","0.98","3.28"
"4","nasdaq-com","sial","1.17","74.24","73.54",0.86,"673614","74.265","73.07","73.38","73.6","48.8","121827000","22.63","9044436480","0.72","0.98","3.28"
"5","yahoo-finance","sial","1.17","74.24","73.54",0.86,"673614","74.26","73.07","73.38","74.26","48.8","121827000","22.63","9.04e+09","0.72","1","3.28"
"6","bloomberg","bmc","1.993","55.79","54.84",1.09,"2300895","56.1","54.8","54.7","56.16","34.24","176858000","25.018","9866908000",NA,NA,"2.23"
"7","google-finance","bmc","1.99","55.79","54.84",1.09,"2300000","56.1","54.8","54.7","56.16","34.24","175930000","22.31","9.82e+09",NA,NA,"2.5"
"8","msn-money","bmc","1.99","55.79","54.84",1.09,"2300000","56.1","54.8","54.7","56.16","34.24","175930000","16.8","9.62e+09",NA,NA,"2.5"
"9","nasdaq-com","bmc","1.99","55.79","54.84",1.09,"2300895","56.1","54.8","54.7","56.16","34.24","176858000","22.59","9866907820",NA,NA,"2.47"
"10","yahoo-finance","bmc","1.99","55.79","54.94",1.09,"2300795","56.03","54.8","54.7","56.16","34.24","176858000","22.32","9.87e+09",NA,NA,"2.5"
"11","bloomberg","qcom","1.919","57.88","56.79",1.09,"11968775","57.98","56.44","56.79","59.84","31.63","1669532000","21.437","96632520000","0.215","1.356","2.7"
"12","google-finance","qcom","1.92","57.88","56.79",1.09,"12030000","57.98","56.44","56.79","59.84","31.63","1.67e+09","25.14","9.663e+10","0.22","1.49","2.3"
"13","msn-money","qcom","1.92","57.88","56.79",1.09,"12030000","57.98","56.44","56.79","59.84","31.63","1.67e+09","25.17","9.481e+10","0.86","1.51","2.3"
"14","nasdaq-com","qcom","1.92","57.88","56.79",1.09,"12028798","57.98","56.44","56.79","59.84","31.63","1669532000","25.17","96632512160","0.86","1.51","2.3"
"15","yahoo-finance","qcom","1.92","57.88","56.78",1.09,"12028798","57.98","56.44","56.79","59.84","31.63","1669532000","25.12","9.663e+10","0.86","1.6","2.3"
"16","bloomberg","nvda","1.318","16.145","15.94",0.21,"13036144","16.21","15.62","15.94","26.17","8.65","600288000","25.627","9691656000",NA,NA,"630"
"17","google-finance","nvda","1.32","16.15","15.94",0.21,"13400000","16.21","15.62","15.94","26.17","8.65","600290000","39.83","9.69e+09",NA,NA,"0.41"
"18","msn-money","nvda","1.32","16.15","15.94",0.21,"13400000","16.21","15.62","15.94","26.17","8.65","600290000","38.44","9.57e+09",NA,NA,"0.41"
"19","nasdaq-com","nvda","1.32","16.145","15.94",0.21,"13396378","16.21","15.62","15.935","26.17","8.65","600288000","40.36","9691649760",NA,NA,"0.4"
"20","yahoo-finance","nvda","1.32","16.15","16",0.21,"13396278","16.21","15.62","15.94","26.17","8.65","600288000","38.08","9.69e+09",NA,NA,"0.42"
"21","bloomberg","ctxs","975","80.78","80.31",0.78,"1659407","81.32","79.97","80","88.49","41.62","187995000","50.174","15186270000",NA,NA,"1.61"
"22","google-finance","ctxs","0.97","80.78","80.31",0.78,"1660000","81.32","79.97","80","88.49","41.62","1.88e+08","50.9","1.519e+10",NA,NA,"1.59"
"23","msn-money","ctxs","0.97","80.78","80.31",0.78,"1660000","81.32","79.97","80","88.49","41.62","1.88e+08","50.81","1.504e+10",NA,NA,"1.59"
"24","nasdaq-com","ctxs","0.98","80.78","80.31",0.78,"1659407","81.32","79.97","80","88.4895","41.62","187995000","51.13","15186236100",NA,NA,"1.58"
"25","yahoo-finance","ctxs","0.97","80.78","80.31",0.78,"1659407","81.32","79.97","80","88.49","41.62","187995000","50.84","1.519e+10",NA,NA,"1.59"
"26","bloomberg","srcl","2.356","91.22","89.56",2.1,"516502","91.25","89.36","89.12","95.71","61.02","85849000","34.817","7831145000",NA,NA,"2.62"
"27","google-finance","srcl","2.36","91.22","89.56",2.1,"516044","91.25","89.36","89.12","95.71","61.02","85850000","36.91","7.83e+09",NA,NA,"2.47"
"28","msn-money","srcl","2.36","91.22","89.56",2.1,"516044","91.25","89.36","89.12","95.71","61.02","85850000","36.93","7.65e+09",NA,NA,"2.47"
"29","nasdaq-com","srcl","2.36","91.22","89.56",2.1,"516044","91.25","89.36","89.12","95.71","61.02","85849000","36.93","7831145780",NA,NA,"2.47"
"30","yahoo-finance","srcl","2.36","91.22","89.56",2.1,"516044","91.25","89.36","89.12","95.71","61.02","85849000","36.93","7.83e+09",NA,NA,"2.47"
"31","bloomberg","esrx","-37","53.96","54.08",-0.02,"6187177","54.35","53.78","53.98","60.89","41.55","529454000","22.206","28569340000",NA,NA,"2.43"
"32","google-finance","esrx","-0.04","53.96","54.08",-0.02,"6190000","54.35","53.78","53.98","60.89","41.55","529120000","22.86","2.855e+10",NA,NA,"2.36"
"33","msn-money","esrx","-0.04","53.96","54.08",-0.02,"6190000","54.35","53.78","53.98","60.89","41.55","529450000","23.26","2.858e+10",NA,NA,"2.32"
"34","nasdaq-com","esrx","0.04","53.96","54.08",0.02,"6187177","54.35","53.78","53.98","60.89","41.55","529454000","23.26","28569337840",NA,NA,"2.32"
"35","yahoo-finance","esrx","0.04","53.96","53.99",0.02,"6181089","54.35","53.78","53.98","60.89","41.55","529454000","23.37","2.857e+10",NA,NA,"2.31"
"36","bloomberg","csco","1.602","15.86","15.63",0.25,"56477627","15.95","15.6","15.61","26","14.78","5500185000","11.947","87507940000","0.06","378","1.33"
"37","google-finance","csco","1.6","15.86","15.63",0.25,"56480000","15.95","15.6","15.61","26","14.78","5.5e+09","12.46","8.723e+10","0.06","1.51","1.27"
"38","msn-money","csco","1.6","15.86","15.63",0.25,"56480000","15.95","15.6","15.61","26","14.78","5.5e+09","12.39","8.586e+10","0.24","1.54","1.27"
"39","nasdaq-com","csco","1.6","15.86","15.65",0.25,"56482911","15.95","15.6","15.61","26","14.78","5500185000","12.49","87232934100","0.06","378","1.27"
"40","yahoo-finance","csco","1.6","15.86","15.61",0.25,"56480911","15.95","15.6","15.61","26","14.78","5500185000","12.38","8.723e+10","0.24","1.6","1.28"
"41","bloomberg","fast","1.834","36.65","36.04",0.66,"2930250","36.71","36","35.99","36.71","22.14","294861000","37.398","10806670000","0.13","2.183","980"
"42","google-finance","fast","1.83","36.65","36.04",0.66,"2930000","36.71","36","35.99","36.71","22.32","294860000","37.45","1.081e+10","0.13","1.42","0.98"
"43","msn-money","fast","1.83","36.65","36.04",0.66,"2930000","36.71","36","35.99","36.42","22.32","294860000","37.4","1.061e+10","0.52","1.44","0.98"
"44","nasdaq-com","fast","1.83","36.65","36.04",0.66,"2930250","36.71","36","35.99","36.42","22.32","294861000","35.58","10806655650","0.13","2.183","1.03"
"45","yahoo-finance","fast","1.83","36.65","36.09",0.66,"2928650","36.71","36","35.99","36.71","22.32","294861000","37.4","1.081e+10","0.52","1.4","0.98"
"46","bloomberg","mchp","1.161","38.35","37.98",0.44,"1385332","38.49","37.76","37.91","41.5","27.19","190480000","17.511","7304895000","0.346","3.593","2.19"
"47","google-finance","mchp","1.16","38.35","37.98",0.44,"1380000","38.49","37.76","37.91","41.5","27.19","190480000","17.44","7.3e+09","0.35","3.61","2.2"
"48","msn-money","mchp","1.16","38.35","37.98",0.44,"1380000","38.49","37.76","37.91","41.5","27.19","190480000","17.43","7.22e+09","1.38","3.65","2.15"
"49","nasdaq-com","mchp","1.16","38.35","37.98",0.44,"1383356","38.49","37.76","37.91","41.5","27.19","190480000","17.92","7304908000","1.384","3.65","2.14"
"50","yahoo-finance","mchp","1.16","38.35","37.98",0.44,"1383356","38.49","37.76","37.91","41.5","27.19","190480000","17.85","7.3e+09","1.38","3.7","2.15"
"51","bloomberg","vmed","1.036","30.24","30.24",0.31,"4867903","30.5","30.03","29.93","33.32","16.24","313459000","78.402","9479009000","0.04","530","240"
"52","google-finance","vmed","1.04","30.24","30.24",0.31,"4870000","30.5","30.03","29.93","33.32","16.24","317270000","104275.86","9.59e+09","0.04","0.53","0"
"53","msn-money","vmed","1.04","30.24","30.24",0.31,"4870000","30.5","30.03","29.93","33.32","16.24","317270000","-9.48","9.5e+09","0.16","0.53","0.12"
"54","nasdaq-com","vmed","1.04","30.24","30.24",0.31,"4867103","30.5","30.03","29.93","33.32","16.24","317268000","232.62","9594184320","0.16","0.53","0.13"
"55","yahoo-finance","vmed","1.04","30.24","30.24",0.31,"4867103","30.5","30.03","29.93","33.32","16.24","317270000","272.43","9.59e+09","0.16","0.5","0.11"
"56","bloomberg","ntap","2.918","54.32","53.51",1.54,"8702113","54.57","53.07","52.78","61.02","36.66","371113000","33.325","20158830000",NA,NA,"1.63"
"57","google-finance","ntap","2.92","54.32","53.51",1.54,"8700000","54.57","53.07","52.78","61.02","36.66","371110000","31.82","2.016e+10",NA,NA,"1.71"
"58","msn-money","ntap","2.92","54.32","53.51",1.54,"8700000","54.57","53.07","52.78","61.02","36.66","371110000","31.77","1.959e+10",NA,NA,"1.71"
"59","nasdaq-com","ntap","2.92","54.32","53.51",1.54,"8699525","54.57","53.07","52.78","61.02","36.66","367872000","33.53","19982807040",NA,NA,"1.62"
"60","yahoo-finance","ntap","2.92","54.32","53.51",1.54,"8699125","54.57","53.07","52.78","61.02","36.66","371110000","31.77","2.016e+10",NA,NA,"1.71"
"61","bloomberg","ctrp","2.252","44.05","43.24",0.97,"1345909","44.17","42.68","43.08","53.16","31.35","136221000","40.599","6000540000","0.112",NA,"1.085"
"62","google-finance","ctrp","2.25","44.05","43.24",0.97,"1350000","44.17","42.68","43.08","53.16","31.35","574160000","39.67","2.529e+10","0.112",NA,"1.11"
"63","msn-money","ctrp","2.25","44.05","43.24",0.97,"1350000","44.17","42.68","43.08","53.16","31.35","143540000","39.68","6.18e+09","0.112",NA,"1.11"
"64","nasdaq-com","ctrp","2.25","44.05","43.24",0.97,"1345909","44.17","42.68","43.08","53.16","31.35","143564000","40.79","6323994200","0.112",NA,"1.08"
"65","yahoo-finance","ctrp","2.25","44.05","43.16",0.97,"1345909","44.17","42.68","43.08","53.16","31.35","136221000","39.58","6.32e+09","0.112",NA,"1.11"
"66","bloomberg","rost","1.435","81.27","80.37",1.15,"818009","81.35","79.77","80.12","83.11","48.71","116956000","16.451","9505039000","0.22","935","4.94"
"67","google-finance","rost","1.44","81.27","80.37",1.15,"816385","81.35","79.77","80.12","83.11","48.71","116960000","16.43","9.51e+09","0.22","1.08","4.95"
"68","msn-money","rost","1.44","81.27","80.37",1.15,"816385","81.35","79.77","80.12","83.11","48.71","116960000","16.42","9.37e+09","0.88","1.1","4.95"
"69","nasdaq-com","rost","1.44","81.27","80.37",1.15,"816385","81.35","79.77","80.12","83.11","48.71","117510000","16.45","9550037700","0.88","1.1","4.94"
"70","yahoo-finance","rost","1.44","81.27","80.37",1.15,"816385","81.35","79.77","80.12","83.11","48.71","116960000","16.43","9.51e+09","0.88","1.1","4.95"
"71","bloomberg","payx","1.074","31.05","30.6",0.33,"2072296","31.09","30.6","30.72","33.91","24.65","361850000","21.866","11235430000","0.31","4","1.42"
"72","google-finance","payx","1.07","31.05","30.6",0.33,"2070000","31.09","30.6","30.72","33.91","24.65","361850000","21.84","1.124e+10","0.31","3.99","1.42"
"73","msn-money","payx","1.07","31.05","30.6",0.33,"2070000","31.09","30.6","30.72","33.91","24.65","361850000","21.87","1.112e+10","1.24","4.04","1.42"
"74","nasdaq-com","payx","1.07","31.05","30.6",0.33,"2070249","31.09","30.6","30.72","33.91","24.6519","361850000","21.87","11235442500","1.24","4.04","1.42"
"75","yahoo-finance","payx","1.07","31.05","30.62",0.33,"2070249","31.09","30.6","30.72","33.91","24.65","361850000","21.87","1.124e+10","1.24","4.1","1.42"
"76","bloomberg","qgen","263","19.07","19.14",0.05,"1700468","19.18","19.01","19.02","22.2","16.86","233683000","28.044","4456343000",NA,NA,"680"
"77","google-finance","qgen","0.26","19.07","19.14",0.05,"1700000","19.18","19.01","19.02","22.2","16.86","232830000","32.87","4.44e+09",NA,NA,"0.58"
"78","msn-money","qgen","0.26","19.07","19.14",0.05,"1700000","19.18","19.01","19.02","22.2","16.86","232830000","31.26","4.43e+09",NA,NA,"0.58"
"79","nasdaq-com","qgen","0.26","19.07","19.14",0.05,"1699768","19.18","19.01","19.02","22.2","16.86","233163000","32.88","4446418410",NA,NA,"0.58"
"80","yahoo-finance","qgen","0.26","19.07","19.17",0.05,"1699637","19.18","19.01","19.02","22.2","16.86","232830000","32.88","4.46e+09",NA,NA,"0.58"
"81","bloomberg","grmn","1.665","33.58","33.12",0.55,"1253341","33.72","33.05","33.03","36.42","26.11","208077000","11.95","6987240000","0.4","2.384","2.81"
"82","google-finance","grmn","1.67","33.58","33.12",0.55,"1250000","33.72","33.05","33.03","36.42","26.11","194010000","10.39","6.52e+09","0.4","4.76","3.23"
"83","msn-money","grmn","1.67","33.58","33.12",0.55,"1250000","33.72","33.05","33.03","36.42","26.11","194020000","10.33","6.41e+09","1.6","4.84","3.23"
"84","nasdaq-com","grmn","1.67","33.58","33.12",0.55,"1253241","33.72","33.05","33.03","36.42","26.11","208077000","10.27","6987225660","1.501","4.54","3.27"
"85","yahoo-finance","grmn","1.67","33.58","33.2",0.55,"1253141","33.72","33.05","33.03","36.42","26.11","208077000","10.28","6.51e+09","1.91","6","3.27"
"86","bloomberg","nflx","2.018","267.99","262.06",5.3,"3983786","268.26","262.06","262.69","277.7","95.33","52519000","77.009","14074610000",NA,NA,"3.48"
"87","google-finance","nflx","2.02","267.99","262.06",5.3,"3980000","268.26","262.06","262.69","277.7","95.33","52890000","76.91","1.417e+10",NA,NA,"3.48"
"88","msn-money","nflx","2.02","267.99","262.06",5.3,"3980000","268.26","262.06","262.69","277.7","95.33","52490000","77.01","1.379e+10",NA,NA,"3.48"
"89","nasdaq-com","nflx","2.02","267.99","262.06",5.3,"3983324","268.26","262.06","262.69","277.7","95.33","52491000","77.01","14067063090",NA,NA,"3.48"
"90","yahoo-finance","nflx","2.02","267.99","262.06",5.3,"3983324","268.26","262.06","262.69","277.7","95.33","52519000","76.96","1.407e+10",NA,NA,"3.48"
"91","bloomberg","sbux","1.773","40.19","39.62",0.7,"6421769","40.26","39.5","39.49","40.26","22.5","749600000","27.527","30126420000","0.13","1.293","1.46"
"92","google-finance","sbux","1.77","40.19","39.62",0.7,"6420000","40.26","39.5","39.49","40.26","22.5","749600000","28.13","3.013e+10","0.13","1.29","1.43"
"93","msn-money","sbux","1.77","40.19","39.62",0.7,"6420000","40.26","39.5","39.49","39.79","22.5","749600000","28.1","2.96e+10","0.52","1.32","1.43"
"94","nasdaq-com","sbux","1.77","40.19","39.62",0.7,"6416272","40.26","39.5","39.49","39.79","22.5","749600000","28.1","30126424000","0.52","1.32","1.43"
"95","yahoo-finance","sbux","1.77","40.19","39.62",0.7,"6414572","40.26","39.5","39.49","40.26","22.5","749600000","28.09","3.013e+10","0.52","1.3","1.43"
"96","bloomberg","myl","1.216","24.97","24.67",0.3,"4478723","24.99","24.52","24.67","25.46","16.55","439251000","20.808","10968110000","0.24","0.97","1.2"
"97","google-finance","myl","1.22","24.97","24.67",0.3,"4480000","24.99","24.52","24.67","25.46","16.55","439250000","34.21","1.097e+10","0.24","0.97","0.73"
"98","msn-money","myl","1.22","24.97","24.67",0.3,"4480000","24.99","24.52","24.67","25.46","16.55","439250000","35.17","1.084e+10","0.24","0.97","0.73"
"99","nasdaq-com","myl","1.22","24.97","24.67",0.3,"4476181","24.99","24.52","24.67","25.46","16.55","439251000","34.21","10968097470","0.24","0.97","0.73"
"100","yahoo-finance","myl","1.22","24.97","24.67",0.3,"4473881","24.99","24.52","24.67","25.46","16.55","439251000","34.3","1.097e+10","0.24","0.97","0.73"
"101","bloomberg","fslr","597","133.06","130.66",0.79,"1735071","133.48","129.111","132.27","175.45","111.4","86161000","18.532","11464540000",NA,NA,"7.18"
"102","google-finance","fslr","0.6","133.06","130.66",0.79,"1740000","133.48","129.11","132.27","175.45","111.4","86160000","18.98","1.146e+10",NA,NA,"7.01"
"103","msn-money","fslr","0.6","133.06","130.66",0.79,"1740000","133.48","129.11","132.27","175.45","111.4","86160000","18.98","1.14e+10",NA,NA,"7.01"
"104","nasdaq-com","fslr","0.6","133.06","130.66",0.79,"1735871","133.48","129.1109","132.27","175.449","111.4","86161000","18.98","11464582660",NA,NA,"7.01"
"105","yahoo-finance","fslr","0.6","133.06","130.66",0.79,"1735671","133.48","129.11","132.27","175.45","111.4","86161000","18.99","1.146e+10",NA,NA,"7.01"
"106","bloomberg","altr","2.546","47.53","46.44",1.18,"3756676","47.75","46.2","46.35","49.59","24.2","322224000","17.79","15305620000","0.06","504","2.67"
"107","google-finance","altr","2.55","47.53","46.44",1.18,"3760000","47.75","46.2","46.35","49.59","24.2","322220000","17.83","1.532e+10","0.06","0.5","2.67"
"108","msn-money","altr","2.55","47.53","46.44",1.18,"3760000","47.75","46.2","46.35","49.59","24.2","322220000","17.8","1.494e+10","0.24","0.52","2.67"
"109","nasdaq-com","altr","2.55","47.53","46.44",1.18,"3756676","47.75","46.2","46.35","49.59","24.2","322224000","17.8","15315306720","0.24","0.52","2.67"
"110","yahoo-finance","altr","2.55","47.53","46.38",1.18,"3755876","47.75","46.2","46.35","49.59","24.2","322224000","17.83","1.532e+10","0.24","0.5","2.67"
"111","bloomberg","intc","1.67","22.53","22.21",0.37,"35364980","22.58","22.1","22.16","23.96","17.6","5.302e+09","10.339","119351700000","0.21","3.003","2.18"
"112","google-finance","intc","1.67","22.53","22.21",0.37,"35360000","22.58","22.1","22.16","23.96","17.6","5.3e+09","10.5","1.1945e+11","0.21","3.73","2.15"
"113","msn-money","intc","1.67","22.53","22.21",0.37,"35360000","22.58","22.1","22.16","23.96","17.6","5.3e+09","10.53","1.1749e+11","0.84","3.79","2.15"
"114","nasdaq-com","intc","1.67","22.53","22.25",0.37,"35364863","22.58","22.1","22.16","23.96","17.6","5.302e+09","10.33","119454060000","0.7248","3.27","2.18"
"115","yahoo-finance","intc","1.67","22.53","22.24",0.37,"35351601","22.58","22.1","22.16","23.96","17.6","5.302","10.53","1.1945e+11","0.72","3.4","2.14"
"116","bloomberg","msft","77","26.02","25.93",0.02,"49654988","26.17","25.84","26","29.46","22.73","8432767000","10.577","219420600000","0.16","2.339","2.46"
"117","google-finance","msft","0.08","26.02","25.93",0.02,"49590000","26.17","25.84","26","29.46","22.73","8.43e+09","10.31","2.1942e+11","0.16","2.46","2.52"
"118","msn-money","msft","0.08","26.02","25.93",0.02,"49590000","26.17","25.84","26","29.46","22.73","8.43e+09","10.33","2.1925e+11","0.64","2.46","2.52"
"119","nasdaq-com","msft","0.08","26.02","25.95",0.02,"49590671","26.17","25.84","26","29.46","22.73","8432767000","10.37","219420597340","0.64","2.46","2.51"
"120","yahoo-finance","msft","0.08","26.02","25.95",0.02,"49583793","26.17","25.84","26","29.46","22.73","8432767000","10.34","2.1942e+11","0.64","2.5","2.52"
"121","bloomberg","ctsh","1.991","74.8","73.48",1.46,"2153733","74.86","73.12","73.34","83.48","48.98","304250000","29.333","22757890000",NA,NA,"2.55"
"122","google-finance","ctsh","1.99","74.8","73.48",1.46,"2150000","74.86","73.12","73.34","83.48","48.98","304250000","29.39","2.276e+10",NA,NA,"2.55"
"123","msn-money","ctsh","1.99","74.8","73.48",1.46,"2150000","74.86","73.12","73.34","83.48","48.98","304250000","29.33","2.231e+10",NA,NA,"2.55"
"124","nasdaq-com","ctsh","1.99","74.8","73.48",1.46,"2153733","74.8596","73.1201","73.34","83.48","48.98","304250000","29.33","22757900000",NA,NA,"2.55"
"125","yahoo-finance","ctsh","1.99","74.8","73.65",1.46,"2153533","74.86","73.12","73.34","83.48","48.98","304250000","29.34","2.276e+10",NA,NA,"2.55"
"126","bloomberg","intu","733","52.24","51.97",0.38,"1561430","52.37","51.63","51.86","56.46","34","3.04e+08","25.359","15880980000",NA,NA,"2.06"
"127","google-finance","intu","0.73","52.24","51.97",0.38,"1560000","52.37","51.63","51.86","56.46","34","3.04e+08","25.44","1.588e+10",NA,NA,"2.05"
"128","msn-money","intu","0.73","52.24","51.97",0.38,"1560000","52.37","51.63","51.86","56.46","34","3.04e+08","25.24","1.577e+10",NA,NA,"2.05"
"129","nasdaq-com","intu","0.73","52.24","51.97",0.38,"1561430","52.37","51.63","51.86","56.46","34","302581000","25.36","15806831440",NA,NA,"2.06"
"130","yahoo-finance","intu","0.73","52.24","51.97",0.38,"1561330","52.37","51.63","51.86","56.46","34","3.04","26.02","1.588e+10",NA,NA,"2.01"
"131","bloomberg","chkp","-176","56.75","56.64",-0.1,"1521953","56.89","56.25","56.85","56.92","28.82","207621000","25.448","11782490000",NA,NA,"2.23"
"132","google-finance","chkp","-0.18","56.75","56.64",-0.1,"1520000","56.89","56.25","56.85","56.92","28.82","208410000","25.39","1.183e+10",NA,NA,"2.23"
"133","msn-money","chkp","-0.18","56.75","56.64",-0.1,"1520000","56.89","56.25","56.85","56.92","28.82","208410000","24.57","1.185e+10",NA,NA,"2.24"
"134","nasdaq-com","chkp","0.18","56.75","56.64",0.1,"1521553","56.89","56.25","56.85","56.923","28.82","207589000","25.45","11780675750",NA,NA,"2.23"
"135","yahoo-finance","chkp","0.18","56.75","56.65",0.1,"1518553","56.89","56.25","56.85","56.92","28.82","208410000","25.33","1.181e+10",NA,NA,"2.24"
"136","bloomberg","life","499","52.33","52.24",0.26,"2311938","52.61","51.83","52.07","57.25","41.1","178766000","24.684","9354815000",NA,NA,"2.12"
"137","google-finance","life","0.5","52.33","52.24",0.26,"2310000","52.61","51.83","52.07","57.25","41.1","178770000","26.07","9.35e+09",NA,NA,"2.01"
"138","msn-money","life","0.5","52.33","52.24",0.26,"2310000","52.61","51.83","52.07","57.25","41.1","178770000","26.03","9.31e+09",NA,NA,"2.01"
"139","nasdaq-com","life","0.5","52.33","52.24",0.26,"2310985","52.61","51.83","52.07","57.25","41.1","178766000","26.03","9354824780",NA,NA,"2.01"
"140","yahoo-finance","life","0.5","52.33","52.24",0.26,"2310885","52.59","51.83","52.07","57.25","41.1","178766000","26.09","9.35e+09",NA,NA,"2.01"
"141","bloomberg","hsic","1.886","72.94","71.73",1.35,"389270","73.01","71.28","71.59","74.48","50.96","92252000","19.929","6728826000",NA,NA,"3.66"
"142","google-finance","hsic","1.89","72.94","71.73",1.35,"388970","73.01","71.28","71.59","74.48","50.96","92250000","19.9","6.73e+09",NA,NA,"3.66"
"143","msn-money","hsic","1.89","72.94","71.73",1.35,"388970","73.01","71.28","71.59","74.48","50.96","92250000","19.98","6.6e+09",NA,NA,"3.67"
"144","nasdaq-com","hsic","1.89","72.94","71.73",1.35,"388970","73.01","71.28","71.59","74.48","50.96","92252000","19.93","6728860880",NA,NA,"3.66"
"145","yahoo-finance","hsic","1.89","72.94","71.73",1.35,"388970","73.01","71.28","71.59","74.48","50.96","92252000","19.99","6.73e+09",NA,NA,"3.65"
"146","bloomberg","joyg","1.995","97.14","94.95",1.9,"1967331","97.53","93.69","95.24","103.44","48.05","105040000","19.428","10203540000","0.175","721","5"
"147","google-finance","joyg","1.99","97.14","94.95",1.9,"1970000","97.53","93.69","95.24","103.44","48.05","105040000","19.43","1.02e+10","0.17","0.72","5"
"148","msn-money","joyg","1.99","97.14","94.95",1.9,"1970000","97.53","93.69","95.24","103.44","48.05","105040000","19.43","1e+10","0.7","0.73","5"
"149","nasdaq-com","joyg","1.99","97.14","94.68",1.9,"1967331","97.53","93.69","95.24","103.44","48.05","104787000","19.43","10179009180","0.7","0.73","5"
"150","yahoo-finance","joyg","1.99","97.14","94.89",1.9,"1967331","97.53","93.7","95.24","103.44","48.05","105040000","19.44","1.02e+10","0.7","0.8","5"
"151","bloomberg","ffiv","2.639","113.16","110.83",2.91,"1425728","113.33","110.13","110.25","145.76","66.79","81111000","46","9178532000",NA,NA,"2.46"
"152","google-finance","ffiv","2.64","113.16","110.83",2.91,"1430000","113.34","110.13","110.25","145.76","66.79","81110000","46.07","9.18e+09",NA,NA,"2.46"
"153","msn-money","ffiv","2.64","113.16","110.83",2.91,"1430000","113.33","110.13","110.25","145.76","66.79","81110000","46.19","8.94e+09",NA,NA,"2.46"
"154","nasdaq-com","ffiv","2.64","113.16","110.83",2.91,"1425728","113.33","110.13","110.25","145.76","66.79","81111000","46.19","9178520760",NA,NA,"2.45"
"155","yahoo-finance","ffiv","2.64","113.16","110.83",2.91,"1425728","113.33","110.13","110.25","145.76","66.79","81111000","46.21","9.18e+09",NA,NA,"2.45"
"156","bloomberg","ilmn","1.144","76.01","75.16",0.86,"1127564","76.39","74.85","75.15","76.81","41.16","123132000","73.086","9359264000",NA,NA,"1.04"
"157","google-finance","ilmn","1.14","76.01","75.16",0.86,"1130000","76.39","74.85","75.15","76.81","41.15","123130000","87.63","9.36e+09",NA,NA,"0.87"
"158","msn-money","ilmn","1.14","76.01","75.16",0.86,"1130000","76.39","74.85","75.15","76.81","41.16","123130000","87.37","9.25e+09",NA,NA,"0.87"
"159","nasdaq-com","ilmn","1.14","76.01","75.16",0.86,"1127564","76.39","74.85","75.15","76.81","41.155","123132000","88.38","9359263320",NA,NA,"0.86"
"160","yahoo-finance","ilmn","1.14","76.01","75.31",0.86,"1124864","76.39","74.86","75.15","76.81","41.15","123132000","88.08","9.36e+09",NA,NA,"0.86"
"161","bloomberg","nihd","1.817","43.15","42.27",0.77,"979392","43.18","41.97","42.38","46.32","32.36","170197000","19.178","7344019000",NA,NA,"2.25"
"162","google-finance","nihd","1.82","43.15","42.27",0.77,"978948","43.18","41.97","42.38","46.32","32.36","170200000","19.16","7.34e+09",NA,NA,"2.25"
"163","msn-money","nihd","1.82","43.15","42.27",0.77,"978948","43.18","41.97","42.38","46.32","32.36","170200000","19.01","7.21e+09",NA,NA,"2.25"
"164","nasdaq-com","nihd","1.82","43.15","42.27",0.77,"978948","43.18","41.97","42.38","46.32","32.36","170197000","18.28","7344000550",NA,NA,"2.36"
"165","yahoo-finance","nihd","1.82","43.15","42.18",0.77,"978848","43.18","41.97","42.38","46.32","32.36","170197000","19.11","7.34e+09",NA,NA,"2.26"
"166","bloomberg","cost","369","81.54","81.5",0.3,"2074561","81.7","81.04","81.24","83.95","53.41","437813000","25.402","35699270000","0.24","1.049","3.21"
"167","google-finance","cost","0.37","81.54","81.5",0.3,"2070000","81.7","81.04","81.24","83.95","53.41","437810000","25.49","3.57e+10","0.24","1.18","3.2"
"168","msn-money","cost","0.37","81.54","81.5",0.3,"2070000","81.7","81.04","81.24","83.95","53.41","437810000","25.56","3.557e+10","0.96","1.18","3.2"
"169","nasdaq-com","cost","0.37","81.54","81.5",0.3,"2073601","81.7","81.04","81.24","83.95","53.41","436860000","25.48","35621564400","0.96","1.18","3.2"
"170","yahoo-finance","cost","0.37","81.54","81.51",0.3,"2073101","81.7","81.04","81.24","83.95","53.41","437810000","25.47","3.57e+10","0.96","1.2","3.2"
"171","bloomberg","aapl","2.261","343.26","335.95",7.59,"15450575","343.5","334.2","335.67","364.9","235.56","924755000","16.358","317375800000",NA,NA,"20.98"
"172","google-finance","aapl","2.26","343.26","335.95",7.59,"15450000","343.5","334.2","335.67","364.9","235.56","921280000","16.36","3.1624e+11",NA,NA,"20.98"
"173","msn-money","aapl","2.26","343.26","335.95",7.59,"15450000","343.5","334.2","335.67","364.9","235.56","924750000","16.36","3.1041e+11",NA,NA,"20.98"
"174","nasdaq-com","aapl","2.26","343.26","335.95",7.59,"15447286","343.5","334.2","335.67","364.9","235.56","924755000","16.36","317431401300",NA,NA,"20.98"
"175","yahoo-finance","aapl","2.26","343.26","335.94",7.59,"15446986","343.46","334.2","335.67","364.9","235.56","924755000","16.35","3.1743e+11",NA,NA,"20.99"
"176","bloomberg","goog","2.893","521.028","506.74",0.014648,"3594575","521.18","506.38","506.38","642.96","433.63","252993000","20.212","167818300000",NA,NA,"25.75"
"177","google-finance","goog","2.89","521.03","506.74",0.01465,"3590000","521.18","506.38","506.38","642.96","433.63","322250000","20.24","1.679e+11",NA,NA,"25.75"
"178","msn-money","goog","2.89","521.03","506.74",0.01465,"3590000","521.18","506.38","506.38","642.96","433.63","322250000","20.23","1.6318e+11",NA,NA,"25.75"
"179","nasdaq-com","goog","2.89","521.028","506.74",0.014648,"3594065","521.18","506.38","506.38","642.96","433.63","252993000","19.1","131816436804",NA,NA,"27.28"
"180","yahoo-finance","goog","2.89","521.03","506.56",0.01465,"3593365","521.03","506.38","506.38","642.96","433.63","252993000","20.23","1.679e+11",NA,NA,"25.75"
"181","bloomberg","infy","1.288","66.07","65.6",0.84,"1123894","66.14","65.26","65.23","77.92","56.17","574188000","24.641","37936580000","0.425","2.045","119.665"
"182","google-finance","infy","1.29","66.07","65.6",0.84,"1120000","66.14","65.26","65.23","77.92","56.73","571300000","25.18","3.775e+10","0.44","1.01","2.62"
"183","msn-money","infy","1.29","66.07","65.6",0.84,"1120000","66.14","65.26","65.23","77.92","56.73","571320000","25.22","3.707e+10","0.67","1.03","2.62"
"184","nasdaq-com","infy","1.29","66.07","65.6",0.84,"1123894","66.14","65.26","65.23","77.92","56.73","571318000","25.31","37746980260","0.425","2.045","2.61"
"185","yahoo-finance","infy","1.29","66.07","65.63",0.84,"1123894","66.14","65.27","65.23","77.92","56.73","574188000","25.22","3.775e+10","0.85","1.3","2.62"
"186","bloomberg","flir","1.454","34.2","33.58",0.49,"1056852","34.28","33.34","33.71","37.29","24","159683000","22.353","5461143000","0.06","351","1.53"
"187","google-finance","flir","1.45","34.2","33.58",0.49,"1060000","34.28","33.34","33.71","37.29","24","159680000","22.59","5.46e+09","0.06","0.7","1.51"
"188","msn-money","flir","1.45","34.2","33.58",0.49,"1060000","34.28","33.34","33.71","37.29","24","159680000","22.65","5.38e+09","0.24","0.71","1.51"
"189","nasdaq-com","flir","1.45","34.2","33.58",0.49,"1056852","34.28","33.34","33.71","37.29","24","159683000","22.65","5461158600","0.24","0.71","1.51"
"190","yahoo-finance","flir","1.45","34.2","33.43",0.49,"1056852","34.28","33.34","33.71","37.29","24","159683000","22.72","5.46e+09","0.24","0.7","1.51"
"191","bloomberg","gmcr","1.221","90.35","89.61",1.09,"1174196","90.94","89.16","89.26","90.94","24.84","150388000","91.263","13587550000",NA,NA,"990"
"192","google-finance","gmcr","1.22","90.35","89.61",1.09,"1170000","90.94","89.16","89.26","90.94","24.84","142040000","114.65","1.283e+10",NA,NA,"0.79"
"193","msn-money","gmcr","1.22","90.35","89.61",1.09,"1170000","90.94","89.16","89.26","90.01","24.84","150390000","114.37","1.342e+10",NA,NA,"0.79"
"194","nasdaq-com","gmcr","1.22","90.35","89.61",1.09,"1174196","90.94","89.16","89.26","90.01","24.84","152785000","114.37","13804124750",NA,NA,"0.79"
"195","yahoo-finance","gmcr","1.22","90.35","89.61",1.09,"1174096","90.94","89.16","89.26","90.94","24.84","150388000","113.79","1.283e+10",NA,NA,"0.79"
"196","bloomberg","lrcx","2.236","45.27","44.32",0.99,"1518831","45.65","43.899","44.28","59.1","35.39","124491000","7.621","5635696000",NA,NA,"5.94"
"197","google-finance","lrcx","2.24","45.27","44.32",0.99,"1520000","45.65","43.9","44.28","59.1","35.39","124490000","7.71","5.64e+09",NA,NA,"5.88"
"198","msn-money","lrcx","2.24","45.27","44.32",0.99,"1520000","45.65","43.9","44.28","59.1","35.39","124490000","7.7","5.51e+09",NA,NA,"5.88"
"199","nasdaq-com","lrcx","2.24","45.27","44.32",0.99,"1518071","45.65","43.8992","44.28","59.1","35.39","124491000","7.7","5635707570",NA,NA,"5.88"
"200","yahoo-finance","lrcx","2.24","45.27","44.39",0.99,"1517971","45.65","43.92","44.28","59.1","35.39","124491000","7.7","5.64e+09",NA,NA,"5.88"
"201","bloomberg","xray","1.155","38.52","38.19",0.44,"2793472","38.54","37.92","38.08","40.16","27.76","140775000","19.958","5422671000","0.05","519","1.93"
"202","google-finance","xray","1.16","38.52","38.19",0.44,"2790000","38.54","37.92","38.08","40.16","27.76","140780000","20.43","5.42e+09","0.05","0.52","1.89"
"203","msn-money","xray","1.16","38.52","38.19",0.44,"2790000","38.54","37.92","38.08","40.16","27.76","140780000","20.38","5.36e+09","0.2","0.53","1.89"
"204","nasdaq-com","xray","1.16","38.52","38.19",0.44,"2793472","38.54","37.92","38.08","40.16","27.76","140775000","20.49","5422653000","0.2","0.53","1.88"
"205","yahoo-finance","xray","1.16","38.52","38.08",0.44,"2792972","38.54","37.92","38.08","40.16","27.76","140775000","20.37","5.42e+09","0.2","0.5","1.89"
"206","bloomberg","chrw","2.258","80.62","79.1",1.78,"971143","80.99","78.843","78.84","82.05","54.5","165564000","33.314","13347740000","0.29","1.388","2.42"
"207","google-finance","chrw","2.26","80.62","79.1",1.78,"971143","80.99","78.84","78.84","82.05","54.5","165560000","33.41","1.335e+10","0.29","1.44","2.41"
"208","msn-money","chrw","2.26","80.62","79.1",1.78,"971143","80.99","78.84","78.84","82.05","54.5","165560000","33.31","1.305e+10","1.16","1.47","2.41"
"209","nasdaq-com","chrw","2.26","80.62","79.1",1.78,"971143","80.99","78.8426","78.84","82.05","54.5","165564000","33.31","13347769680","1.16","1.47","2.42"
"210","yahoo-finance","chrw","2.26","80.62","79.1",1.78,"971043","80.99","78.84","78.84","82.05","54.5","165564000","33.31","1.335e+10","1.16","1.5","2.42"
"211","bloomberg","adbe","254","31.53","31.33",0.08,"4109935","31.65","31.24","31.45","35.99","25.45","493867000","17.614","15571610000",NA,NA,"1.79"
"212","google-finance","adbe","0.25","31.53","31.33",0.08,"4110000","31.65","31.24","31.45","35.99","25.45","504460000","16.82","1.591e+10",NA,NA,"1.87"
"213","msn-money","adbe","0.25","31.53","31.33",0.08,"4110000","31.65","31.24","31.45","35.99","25.45","493870000","16.95","1.553e+10",NA,NA,"1.88"
"214","nasdaq-com","adbe","0.25","31.53","31.33",0.08,"4107435","31.65","31.24","31.45","35.99","25.45","504459000","16.77","15905592270",NA,NA,"1.88"
"215","yahoo-finance","adbe","0.25","31.53","31.35",0.08,"4106835","31.65","31.24","31.45","35.99","25.45","493867000","16.89","1.576e+10",NA,NA,"1.87"
"216","bloomberg","fisv","1.78","63.745","62.77",1.115,"717087","64","62.38","62.63","64.89","44.85","143611000","18.213","9154494000",NA,NA,"3.5"
"217","google-finance","fisv","1.78","63.74","62.77",1.11,"717087","64","62.38","62.63","64.89","44.85","143610000","19.28","9.15e+09",NA,NA,"3.31"
"218","msn-money","fisv","1.78","63.75","62.77",1.11,"717087","64","62.38","62.63","64.89","44.85","143610000","19.26","8.99e+09",NA,NA,"3.24"
"219","nasdaq-com","fisv","1.78","63.745","62.77",1.115,"717087","64","62.38","62.63","64.89","44.85","143611000","19.67","9154483195",NA,NA,"3.24"
"220","yahoo-finance","fisv","1.78","63.74","62.76",1.11,"716887","64","62.38","62.63","64.89","44.85","143611000","19.64","9.15e+09",NA,NA,"3.25"
"221","bloomberg","wfm","1.513","64.41","63.69",0.96,"1124267","64.41","63.38","63.45","66.87","33.96","175713000","36.597","11317660000","0.1","466","1.76"
"222","google-finance","wfm","1.51","64.41","63.69",0.96,"1120000","64.41","63.38","63.45","66.87","33.96","173560000","37.23","1.118e+10","0.1","0.62","1.73"
"223","msn-money","wfm","1.51","64.41","63.69",0.96,"1120000","64.41","63.38","63.45","66.87","33.96","175710000","37.23","1.115e+10","0.4","0.63","1.73"
"224","nasdaq-com","wfm","1.51","64.41","63.69",0.96,"1124067","64.41","63.38","63.45","66.87","33.96","175713000","37.23","11317674330","0.4","0.63","1.73"
"225","yahoo-finance","wfm","1.5","64.4","63.69",0.95,"1124067","64.41","63.38","63.45","66.87","33.96","175713000","37.08","1.132e+10","0.4","0.6","1.74"
"226","bloomberg","erts","2.5","24.19","23.57",0.59,"4768735","24.2","23.4","23.6","24.79","14.06","332448000",NA,"8041913000",NA,NA,"-550"
"227","google-finance","erts","2.5","24.19","23.57",0.59,"4770000","24.2","23.4","23.6","24.79","14.06","332450000",NA,"8.04e+09",NA,NA,"-0.84"
"228","msn-money","erts","2.5","24.19","23.57",0.59,"4770000","24.2","23.4","23.6","24.79","14.06","331350000","-28.8","7.82e+09",NA,NA,"-0.84"
"229","nasdaq-com","erts","2.5","24.19","23.57",0.59,"4768735","24.2","23.4","23.6","24.79","14.06","332448000",NA,"8041917120",NA,NA,"-0.84"
"230","yahoo-finance","erts","2.5","24.19","23.42",0.59,"4768735","24.2","23.4","23.6","24.79","14.3","332448000",NA,"8.04e+09",NA,NA,"-0.84"
"231","bloomberg","pcar","1.879","52.05","51.24",0.96,"1984988","52.17","50.62","51.09","58.75","38.4","365469000","33.153","19022660000","0.12","1.441","1.57"
"232","google-finance","pcar","1.88","52.05","51.24",0.96,"1980000","52.17","50.62","51.09","58.75","38.6","365470000","32.76","1.902e+10","0.12","0.92","1.59"
"233","msn-money","pcar","1.88","52.05","51.24",0.96,"1980000","52.17","50.62","51.09","58.75","38.6","365470000","32.74","1.867e+10","0.48","0.94","1.59"
"234","nasdaq-com","pcar","1.88","52.05","51.24",0.96,"1983039","52.17","50.62","51.09","58.75","38.6","365469000","32.74","19022661450","0.48","0.94","1.59"
"235","yahoo-finance","pcar","1.88","52.05","51.24",0.96,"1982939","52.17","50.62","51.09","58.75","38.6","365469000","32.74","1.902e+10","0.48","1","1.59"
"236","bloomberg","mat","1.819","27.99","27.55",0.5,"2213698","28","27.49","27.49","28","20.57","347588000","15.55","9728990000","0.23","4.611","1.8"
"237","google-finance","mat","1.82","27.99","27.55",0.5,"2210000","28","27.49","27.49","28","20.57","347590000","15.15","9.73e+09","0.23","3.29","1.85"
"238","msn-money","mat","1.82","27.99","27.55",0.5,"2210000","28","27.49","27.49","27.73","20.57","347590000","15.21","9.56e+09","0.92","3.35","1.85"
"239","nasdaq-com","mat","1.82","27.99","27.55",0.5,"2211845","28","27.49","27.49","27.73","20.57","347588000","15.13","9728988120","0.92","3.35","1.85"
"240","yahoo-finance","mat","1.82","27.99","27.52",0.5,"2209940","28","27.49","27.49","28","20.57","347588000","15.11","9.73e+09","0.92","3.4","1.85"
"241","bloomberg","mxim","1.291","25.89","25.56",0.33,"1653833","26.09","25.48","25.56","28.44","15.67","295368000","17.493","7647069000","0.21","3.244","1.48"
"242","google-finance","mxim","1.29","25.89","25.56",0.33,"1650000","26.09","25.48","25.56","28.44","15.67","295370000","18.64","7.65e+09","0.21","3.24","1.39"
"243","msn-money","mxim","1.29","25.89","25.56",0.33,"1650000","26.09","25.48","25.56","28.44","15.67","295370000","18.63","7.55e+09","0.84","3.29","1.39"
"244","nasdaq-com","mxim","1.29","25.89","25.56",0.33,"1652343","26.09","25.48","25.56","28.44","15.67","295368000","18.63","7647077520","0.84","3.29","1.39"
"245","yahoo-finance","mxim","1.29","25.89","25.57",0.33,"1651943","26.09","25.48","25.56","28.44","15.67","295368000","18.65","7.65e+09","0.84","3.4","1.39"
"246","bloomberg","cmcsa","1.992","25.73","25.3",0.503,"11608937","25.79","25.17","25.23","27.16","16.76","2084368000","18.919","70409070000","0.112","1.974","1.36"
"247","google-finance","cmcsa","1.99","25.73","25.3",0.5,"11610000","25.79","25.17","25.23","27.16","16.76","2.76e+09","19.47","7.095e+10","0.11","1.75","1.32"
"248","msn-money","cmcsa","1.99","25.73","25.3",0.5,"11610000","25.79","25.17","25.23","27.16","16.76","2.77e+09","19.49","6.934e+10","0.45","1.78","1.32"
"249","nasdaq-com","cmcsa","1.99","25.73","25.3",0.5025,"11607337","25.79","25.17","25.2275","27.16","16.76","2084368000","19.49","53630788640","0.45","1.78","1.32"
"250","yahoo-finance","cmcsa","1.99","25.73","25.31",0.5,"11607337","25.79","25.17","25.23","27.16","16.76","2084368000","19.49","7.117e+10","0.45","1.8","1.32"
"251","bloomberg","orcl","425","33.05","32.89",0.14,"23044748","33.2","32.48","32.91","36.5","21.24","5065515000","18.672","167415300000","0.06","636","1.77"
"252","google-finance","orcl","0.43","33.05","32.89",0.14,"25210000","33.2","32.48","32.91","36.5","21.24","5.07e+09","19.86","1.6742e+11","0.06","0.73","1.66"
"253","msn-money","orcl","0.43","33.05","32.89",0.14,"25210000","33.2","32.48","32.91","36.5","21.24","5.07e+09","19.79","1.6671e+11","0.24","0.73","1.66"
"254","nasdaq-com","orcl","0.43","33.05","32.89",0.14,"25214864","33.2","32.48","32.91","36.5","21.24","5060516000","19.79","167250053800","0.24","0.73","1.67"
"255","yahoo-finance","orcl","0.43","33.05","32.85",0.14,"25206995","33.2","32.49","32.91","36.5","21.24","5.07","19.79","1.674e+11","0.24","0.7","1.67"
"256","bloomberg","dltr","2.417","68.23","67.02",1.61,"935770","68.5","66.74","66.62","68.5","40.6","122277000","19.777","8342961000",NA,NA,"3.45"
"257","google-finance","dltr","2.42","68.23","67.02",1.61,"934370","68.5","66.74","66.62","68.5","40.6","122280000","19.79","8.34e+09",NA,NA,"3.45"
"258","msn-money","dltr","2.42","68.23","67.02",1.61,"934370","68.5","66.74","66.62","67.99","40.6","122280000","19.72","8.15e+09",NA,NA,"3.45"
"259","nasdaq-com","dltr","2.42","68.23","67.02",1.61,"934370","68.5","66.74","66.62","67.99","40.6","122277000","19.78","8342959710",NA,NA,"3.45"
"260","yahoo-finance","dltr","2.42","68.23","66.89",1.61,"934370","68.5","66.74","66.62","68.5","40.6","122277000","19.85","8.34e+09",NA,NA,"3.44"
"261","bloomberg","amgn","-120","58.28","58.44",-0.07,"5227363","58.44","57.89","58.35","61.53","50.26","929731000","12.218","54184690000","0",NA,"4.77"
"262","google-finance","amgn","-0.12","58.28","58.44",-0.07,"5230000","58.44","57.89","58.35","61.53","50.26","929730000","12.12","5.418e+10","0",NA,"4.81"
"263","msn-money","amgn","-0.12","58.28","58.44",-0.07,"5230000","58.44","57.89","58.35","61.53","50.26","929730000","12.12","5.425e+10","0",NA,"4.81"
"264","nasdaq-com","amgn","0.12","58.28","58.44",0.07,"5227063","58.44","57.89","58.35","61.53","50.26","929731000","12.12","54184722680","0",NA,"4.81"
"265","yahoo-finance","amgn","0.12","58.28","58.44",0.07,"5225005","58.44","57.89","58.35","61.53","50.26","929731000","12.11","5.418e+10","0",NA,"4.81"
"266","bloomberg","ca","1.445","23.17","22.87",0.33,"3177246","23.18","22.77","22.84","25.68","17.7","506108000","14.391","11726530000","0.05","734","1.61"
"267","google-finance","ca","1.44","23.17","22.87",0.33,"3180000","23.18","22.77","22.84","25.68","17.7","506110000","14.5","1.173e+10","0.05","0.86","1.6"
"268","msn-money","ca","1.44","23.17","22.87",0.33,"3180000","23.18","22.77","22.84","25.68","17.7","507380000","14.48","1.159e+10","0.2","0.88","1.61"
"269","nasdaq-com","ca","1.44","23.17","22.87",0.33,"3177246","23.18","22.77","22.84","25.68","17.7","506108000","14.39","11726522360","0.2","0.88","1.61"
"270","yahoo-finance","ca","1.44","23.17","22.87",0.33,"3172253","23.17","22.77","22.84","25.68","17.7","506108000","14.41","1.173e+10","0.2","0.9","1.61"
"271","bloomberg","gild","1.304","41.95","41.44",0.54,"6145425","41.97","41.38","41.41","42.93","31.73","787054000","12.712","33016930000",NA,NA,"3.3"
"272","google-finance","gild","1.3","41.95","41.44",0.54,"6140000","41.97","41.38","41.41","42.93","31.73","787050000","13.13","3.302e+10",NA,NA,"3.19"
"273","msn-money","gild","1.3","41.95","41.44",0.54,"6140000","41.97","41.38","41.41","42.93","31.73","787050000","13.11","3.259e+10",NA,NA,"3.2"
"274","nasdaq-com","gild","1.3","41.95","41.44",0.54,"6135825","41.97","41.38","41.41","42.93","31.73","787054000","13.19","33016915300",NA,NA,"3.18"
"275","yahoo-finance","gild","1.3","41.95","41.44",0.54,"6134025","41.95","41.38","41.41","42.93","31.73","787054000","13.14","3.302e+10",NA,NA,"3.19"
"276","bloomberg","symc","558","19.83","19.82",0.11,"6792906","19.885","19.71","19.72","20.5","12.04","755541000","23.058","14982380000",NA,NA,"860"
"277","google-finance","symc","0.56","19.83","19.82",0.11,"6780000","19.89","19.71","19.72","20.5","12.04","755540000","26.09","1.498e+10",NA,NA,"0.76"
"278","msn-money","symc","0.56","19.83","19.82",0.11,"6780000","19.89","19.71","19.72","20.5","12.04","755540000","26.09","1.49e+10",NA,NA,"0.76"
"279","nasdaq-com","symc","0.56","19.83","19.82",0.11,"6781157","19.885","19.71","19.72","20.5","12.04","755541000","26.09","14982378030",NA,NA,"0.76"
"280","yahoo-finance","symc","0.56","19.83","19.78",0.11,"6775197","19.89","19.71","19.72","20.5","12.04","755541000","26.09","1.498e+10",NA,NA,"0.76"
"281","bloomberg","rimm","277","28.93","28.72",0.08,"12775795","29","28.45","28.85","70.54","25.82","524096000","4.57","15162100000",NA,NA,"6.33"
"282","google-finance","rimm","0.28","28.93","28.72",0.08,"12770000","29","28.45","28.85","70.54","25.82","5.24e+08","4.59","1.516e+10",NA,NA,"6.3"
"283","msn-money","rimm","0.28","28.93","28.72",0.08,"12770000","29","28.45","28.85","70.54","25.82","524110000","4.6","1.509e+10",NA,NA,"6.31"
"284","nasdaq-com","rimm","0.28","28.93","28.72",0.08,"12773888","29","28.45","28.85","70.54","25.82","523869000","4.58","15155530170",NA,NA,"6.31"
"285","yahoo-finance","rimm","0.28","28.93","28.71",0.08,"12772888","29","28.45","28.85","70.54","25.82","524096000","4.59","1.507e+10",NA,NA,"6.3"
"286","bloomberg","amzn","2.445","209.49","205.55",5,"3979082","210.27","203.61","204.49","210.27","105.8","452043000","90.623","94698510000",NA,NA,"2.31"
"287","google-finance","amzn","2.45","209.49","205.55",5,"3980000","210.27","203.61","204.49","210.27","105.8","452040000","90.78","9.47e+10",NA,NA,"2.31"
"288","msn-money","amzn","2.45","209.49","205.55",5,"3980000","210.27","203.61","204.49","206.39","105.8","452040000","90.69","9.244e+10",NA,NA,"2.31"
"289","nasdaq-com","amzn","2.45","209.49","205.55",5,"3978982","210.27","203.61","204.49","206.39","105.8","452043000","90.69","94698488070",NA,NA,"2.31"
"290","yahoo-finance","amzn","2.45","209.49","205.16",5,"3978982","210.27","203.74","204.49","210.27","105.8","452043000","90.73","9.47e+10",NA,NA,"2.31"
"291","bloomberg","dell","1.86","16.98","16.7",0.31,"13650035","17","16.6","16.67","17","11.34","1885934000","9.872","32023170000",NA,NA,"1.72"
"292","google-finance","dell","1.86","16.98","16.7",0.31,"13650000","17","16.6","16.67","17","11.34","1.89e+09","10.17","3.202e+10",NA,NA,"1.67"
"293","msn-money","dell","1.86","16.98","16.7",0.31,"13650000","17","16.6","16.67","16.96","11.34","1.89e+09","10.17","3.144e+10",NA,NA,"1.67"
"294","nasdaq-com","dell","1.86","16.98","16.7",0.31,"13649145","17","16.6","16.67","16.96","11.34","1887170000","10.17","32044146600",NA,NA,"1.67"
"295","yahoo-finance","dell","1.86","16.98","16.68",0.31,"13649145","17","16.6","16.67","17","11.34","1.89","10.16","3.204e+10",NA,NA,"1.67"
"296","bloomberg","flex","2.804","6.6","6.45",0.18,"3868464","6.61","6.42","6.42","8.5","4.86","757991000","8.8","5002739000",NA,NA,"750"
"297","google-finance","flex","2.8","6.6","6.45",0.18,"3870000","6.61","6.42","6.42","8.5","4.86","757990000","8.71","5e+09",NA,NA,"0.76"
"298","msn-money","flex","2.8","6.6","6.45",0.18,"3870000","6.61","6.42","6.42","8.5","4.86","7.4e+08","8.8","4.75e+09",NA,NA,"0.76"
"299","nasdaq-com","flex","2.8","6.6","6.45",0.18,"3868464","6.61","6.42","6.42","8.5","4.86","758009000","8.8","5002859400",NA,NA,"0.75"
"300","yahoo-finance","flex","2.8","6.6","6.44",0.18,"3862364","6.61","6.42","6.42","8.5","4.86","757991000","8.8","5e+09",NA,NA,"0.75"
"301","bloomberg","mu","4.679","7.83","7.46",0.35,"29836277","7.85","7.37","7.48","11.95","6.36","1001471000","14.5","7841517000",NA,NA,"540"
"302","google-finance","mu","4.68","7.83","7.46",0.35,"30550000","7.85","7.37","7.48","11.95","6.36","997290000","12.75","7.81e+09",NA,NA,"0.61"
"303","msn-money","mu","4.68","7.83","7.46",0.35,"30550000","7.85","7.37","7.48","11.95","6.36","1e+09","13.05","7.49e+09",NA,NA,"0.61"
"304","nasdaq-com","mu","4.68","7.83","7.46",0.35,"30554681","7.85","7.37","7.48","11.95","6.36","1001471000","12.84","7841517930",NA,NA,"0.61"
"305","yahoo-finance","mu","4.68","7.83","7.5",0.35,"30554281","7.85","7.37","7.48","11.95","6.36","1001471000","12.37","7.82e+09",NA,NA,"0.63"
"306","bloomberg","cern","2.34","62.54","61.36",1.43,"949101","62.59","60.82","61.11","62.96","36.02","168212000","42.71","10524990000",NA,NA,"1.465"
"307","google-finance","cern","2.34","62.54","61.36",1.43,"949101","62.59","60.82","61.11","62.96","36.03","168140000","42.63","1.052e+10",NA,NA,"1.47"
"308","msn-money","cern","2.34","62.54","61.36",1.43,"949101","62.59","60.82","61.11","62.96","36.03","168210000","42.54","1.028e+10",NA,NA,"1.47"
"309","nasdaq-com","cern","2.34","62.54","61.36",1.43,"949101","62.59","60.82","61.11","62.955","36.025","168212000","42.69","10519978480",NA,NA,"1.46"
"310","yahoo-finance","cern","2.34","62.54","61.36",1.43,"949101","62.59","60.82","61.11","62.96","36.03","168212000","42.54","1.052e+10",NA,NA,"1.47"
"311","bloomberg","nwsa","2.034","18.06","17.74",0.36,"12950640","18.07","17.58","17.7","18.35","11.61","1828109000","14.683","47732380000","0.075","834","1.23"
"312","google-finance","nwsa","2.03","18.06","17.74",0.36,"12860000","18.07","17.58","17.7","18.35","11.61","2.63e+09","16.23","4.744e+10","0.08","0.83","1.11"
"313","msn-money","nwsa","2.03","18.06","17.74",0.36,"12860000","18.07","17.58","17.7","18.35","11.61","2.63e+09","16.13","4.679e+10","0.15","0.85","1.11"
"314","nasdaq-com","nwsa","2.03","18.06","17.74",0.36,"12861466","18.07","17.58","17.7","18.35","11.61","1828109000","16.27","33015648540","0.15","0.85","1.11"
"315","yahoo-finance","nwsa","2.03","18.06","17.72",0.36,"12861466","18.07","17.58","17.7","18.35","11.65","1828109000","16.12","4.744e+10","0.15","0.9","1.12"
"316","bloomberg","adsk","259","38.7","38.6",0.1,"3268365","38.89","38.44","38.6","46.15","23.64","230954000","37.573","8937927000",NA,NA,"1.03"
"317","google-finance","adsk","0.26","38.7","38.6",0.1,"3270000","38.89","38.44","38.6","46.15","23.64","230950000","37.21","8.94e+09",NA,NA,"1.04"
"318","msn-money","adsk","0.26","38.7","38.6",0.1,"3270000","38.89","38.44","38.6","46.15","23.64","230950000","37.57","8.91e+09",NA,NA,"1.04"
"319","nasdaq-com","adsk","0.26","38.7","38.6",0.1,"3268365","38.89","38.44","38.6","46.15","23.64","229803000","37.57","8893376100",NA,NA,"1.03"
"320","yahoo-finance","adsk","0.26","38.7","38.54",0.1,"3268265","38.89","38.44","38.6","46.15","23.64","230950000","37.54","8.94e+09",NA,NA,"1.03"
"321","bloomberg","adp","2.297","53.89","52.56",1.21,"2951543","53.99","52.48","52.68","55.12","38.41","499705000","21.73","26929090000","0.36","2.635","2.48"
"322","google-finance","adp","2.3","53.89","52.56",1.21,"2950000","53.99","52.48","52.68","55.12","38.41","499700000","22.02","2.693e+10","0.36","2.67","2.45"
"323","msn-money","adp","2.3","53.89","52.56",1.21,"2950000","53.99","52.48","52.68","55.12","38.41","499700000","22","2.632e+10","1.44","2.73","2.45"
"324","nasdaq-com","adp","2.3","53.89","52.56",1.21,"2951543","53.99","52.48","52.68","55.12","38.41","499705000","22","26929102450","1.44","2.73","2.45"
"325","yahoo-finance","adp","2.3","53.89","52.6",1.21,"2951143","53.99","52.48","52.68","55.12","38.41","499705000","22.01","2.693e+10","1.44","2.7","2.45"
"326","bloomberg","vrsn","1.255","33.88","33.37",0.42,"2218028","34.07","33.31","33.46","37.73","21.85","1.74e+08","61.6","5895120000","2.75","16.932","550"
"327","google-finance","vrsn","1.26","33.88","33.37",0.42,"2210000","34.07","33.31","33.46","37.73","25.73","168470000","73.91","5.71e+09","2.75","16.932","0.46"
"328","msn-money","vrsn","1.26","33.88","33.37",0.42,"2210000","34.07","33.31","33.46","37.73","25.73","168470000","70.58","5.64e+09","2.75","16.932","4.68"
"329","nasdaq-com","vrsn","1.26","33.88","33.37",0.42,"2213030","34.07","33.31","33.46","37.73","25.73","168472000","7.24","5707831360","2.75","16.932","4.68"
"330","yahoo-finance","vrsn","1.26","33.88","33.39",0.42,"2212930","34.07","33.31","33.46","37.73","25.73","168470000","7.23","5.71e+09","2.75","16.932","4.69"
"331","bloomberg","celg","928","60.88","60.75",0.56,"2460853","60.97","60.17","60.32","63.46","48.02","462801000","26.819","28175360000",NA,NA,"2.27"
"332","google-finance","celg","0.93","60.88","60.75",0.56,"2460000","60.97","60.17","60.32","63.46","48.02","462800000","31.77","2.818e+10",NA,NA,"1.92"
"333","msn-money","celg","0.93","60.88","60.75",0.56,"2460000","60.97","60.17","60.32","63.46","48.02","462800000","31.71","2.792e+10",NA,NA,"1.92"
"334","nasdaq-com","celg","0.93","60.88","60.75",0.56,"2460853","60.97","60.17","60.32","63.46","48.02","462801000","31.71","28175324880",NA,NA,"1.92"
"335","yahoo-finance","celg","0.93","60.88","60.75",0.56,"2460853","60.97","60.17","60.32","63.46","48.02","462801000","31.71","2.818e+10",NA,NA,"1.92"
"336","bloomberg","hpq","1.758","37.04","36.55",0.64,"13982129","37.13","36.34","36.4","49.39","33.95","2074156000","8.3","76951170000","0.12","970","4.47"
"337","google-finance","hpq","1.79","37.05","36.55",0.65,"14760000","37.13","36.34","36.4","49.39","33.95","2.07e+09","9.09","7.685e+10","0.12","1.3","4.08"
"338","msn-money","hpq","1.79","37.05","36.55",0.65,"14760000","37.13","36.34","36.4","49.39","33.95","2.07e+09","9.08","7.55e+10","0.48","1.32","4.08"
"339","nasdaq-com","hpq","1.77","37.045","36.55",0.645,"13515262","37.13","36.34","36.4","49.39","33.95","2074156000","9.1","76837109020","0.48","1.32","4.07"
"340","yahoo-finance","hpq","1.79","37.05","36.55",0.65,"14762354","37.13","36.34","36.4","49.39","33.95","2074156000","9.11","7.685e+10","0.48","1.4","4.07"
"341","bloomberg","alxn","1.021","47.51","46.91",0.48,"841901","47.51","46.91","47.03","52.5","24.3","183835000","81.214","8734017000",NA,NA,"585"
"342","google-finance","alxn","1.02","47.51","46.91",0.48,"841901","47.51","46.91","47.03","52.5","24.31","183840000","86.56","8.73e+09",NA,NA,"0.55"
"343","msn-money","alxn","1.02","47.51","46.91",0.48,"841901","47.51","46.91","47.03","52.5","24.31","183840000","87.17","8.65e+09",NA,NA,"0.55"
"344","nasdaq-com","alxn","1.02","47.51","46.91",0.48,"841901","47.51","46.91","47.03","52.5","24.305","183835000","86.38","8734000850",NA,NA,"0.55"
"345","yahoo-finance","alxn","1.02","47.51","46.91",0.48,"841801","47.51","46.91","47.03","52.5","24.31","183835000","86.54","8.73e+09",NA,NA,"0.55"
"346","bloomberg","lltc","1.242","33.43","33.09",0.41,"2111653","33.54","32.97","33.02","36.14","27.03","227734000","13.871","7613151000","0.24","2.81","2.41"
"347","google-finance","lltc","1.24","33.43","33.09",0.41,"2110000","33.54","32.97","33.02","36.14","27.03","227730000","14.16","7.61e+09","0.24","2.87","2.36"
"348","msn-money","lltc","1.24","33.43","33.09",0.41,"2110000","33.54","32.97","33.02","36.14","27.03","227730000","14.17","7.52e+09","0.96","2.91","2.36"
"349","nasdaq-com","lltc","1.24","33.43","33.09",0.41,"2109369","33.54","32.97","33.02","36.14","27.03","227734000","14.17","7613147620","0.96","2.91","2.36"
"350","yahoo-finance","lltc","1.24","33.43","33.1",0.41,"2109269","33.51","32.97","33.02","36.14","27.03","227734000","14.17","7.61e+09","0.96","3","2.36"
"351","bloomberg","vrtx","-558","51.7","51.49",-0.29,"1463737","51.92","51.08","51.99","58.87","31.25","205998000",NA,"10650090000",NA,NA,"-3.61"
"352","google-finance","vrtx","-0.56","51.7","51.49",-0.29,"1460000","51.92","51.08","51.99","58.87","31.25","2.06e+08",NA,"1.065e+10",NA,NA,"-3.8"
"353","msn-money","vrtx","-0.56","51.7","51.49",-0.29,"1460000","51.92","51.08","51.99","58.87","31.25","2.06e+08","-13.57","1.071e+10",NA,NA,"-3.8"
"354","nasdaq-com","vrtx","0.56","51.7","51.49",0.29,"1458378","51.92","51.08","51.99","58.87","31.25","205998000",NA,"10650096600",NA,NA,"-3.81"
"355","yahoo-finance","vrtx","0.56","51.7","51.5",0.29,"1458278","51.92","51.08","51.99","58.87","31.25","205998000",NA,"1.065e+10",NA,NA,"-3.8"
"356","bloomberg","wynn","4.201","149.57","144.52",6.03,"2569407","150.53","143.54","143.54","151.73","67.75","124758000","46.164","18660020000","0.5","5.843","3.24"
"357","google-finance","wynn","4.2","149.57","144.52",6.03,"2570000","150.53","143.54","143.54","151.73","73.12","124760000","61.02","1.866e+10","0.5","1.34","2.45"
"358","msn-money","wynn","4.2","149.57","144.52",6.03,"2570000","150.53","143.54","143.54","151.73","73.12","124760000","60.8","1.791e+10","2","1.39","2.45"
"359","nasdaq-com","wynn","4.2","149.57","144.54",6.03,"2569107","150.53","143.54","143.54","151.73","73.12","124758000","61.05","18660054060","2","1.39","2.45"
"360","yahoo-finance","wynn","4.2","149.57","144.65",6.03,"2567707","150.53","143.54","143.54","151.73","73.12","124758000","60.65","1.851e+10","2","1.4","2.47"
"361","bloomberg","isrg","1.758","378.65","373.25",6.54,"228489","379.4","371.44","372.11","379.4","246.05","39288000","38.094","14876390000",NA,NA,"9.94"
"362","google-finance","isrg","1.76","378.65","373.25",6.54,"228489","379.4","371.44","372.11","379.4","246.05","39290000","38.09","1.488e+10",NA,NA,"9.94"
"363","msn-money","isrg","1.76","378.65","373.25",6.54,"228489","379.4","371.44","372.11","377.84","246.05","39290000","38.09","1.462e+10",NA,NA,"9.94"
"364","nasdaq-com","isrg","1.76","378.65","373.25",6.54,"228489","379.4","371.44","372.11","377.84","246.05","39288000","38.09","14876401200",NA,NA,"9.94"
"365","yahoo-finance","isrg","1.76","378.65","372.1",6.54,"228489","379.4","371.44","372.11","379.4","246.05","39288000","38.1","1.488e+10",NA,NA,"9.94"
"366","bloomberg","klac","2.396","41.45","40.53",0.97,"1732725","41.631","40.21","40.48","51.83","26.69","167903000","10.209","6959581000","0.25","2.408","4.06"
"367","google-finance","klac","2.4","41.45","40.53",0.97,"1730000","41.63","40.21","40.48","51.83","26.69","167900000","10.66","6.96e+09","0.25","2.41","3.89"
"368","msn-money","klac","2.4","41.45","40.53",0.97,"1730000","41.63","40.21","40.48","51.83","26.69","167900000","10.66","6.8e+09","1","2.47","3.89"
"369","nasdaq-com","klac","2.4","41.45","40.53",0.97,"1731795","41.631","40.21","40.48","51.83","26.69","167903000","10.68","6959579350","1","2.47","3.88"
"370","yahoo-finance","klac","2.4","41.45","40.5",0.97,"1731795","41.63","40.21","40.48","51.83","26.69","167903000","10.66","6.96e+09","1","2.5","3.89"
"371","bloomberg","xlnx","1.604","37.055","36.57",0.585,"3751793","37.23","36.35","36.47","37.23","23.96","265625000","15.186","9842750000","0.19","1.803","2.44"
"372","google-finance","xlnx","1.6","37.06","36.57",0.58,"3750000","37.23","36.35","36.47","37.23","23.96","265630000","15.5","9.84e+09","0.19","2.05","2.39"
"373","msn-money","xlnx","1.6","37.06","36.57",0.58,"3750000","37.23","36.35","36.47","36.6","23.96","265630000","15.5","9.69e+09","0.76","2.08","2.39"
"374","nasdaq-com","xlnx","1.6","37.055","36.57",0.585,"3751093","37.23","36.35","36.47","36.6","23.96","265625000","15.44","9842734375","0.76","2.08","2.4"
"375","yahoo-finance","xlnx","1.6","37.06","36.57",0.58,"3748478","37.23","36.35","36.47","37.23","23.96","265625000","15.5","9.84e+09","0.76","2.1","2.39"
"376","bloomberg","dtv","1.85","51.76","51.11",0.94,"3683628","51.84","50.78","50.82","51.84","33.25","767785000","19.029","39740570000",NA,NA,"2.72"
"377","google-finance","dtv","1.85","51.76","51.11",0.94,"3680000","51.84","50.78","50.82","51.84","33.25","767790000","18.9","3.974e+10",NA,NA,"2.74"
"378","msn-money","dtv","1.85","51.76","51.11",0.94,"3680000","51.84","50.78","50.82","51.23","33.25","767790000","20.22","3.902e+10",NA,NA,"2.74"
"379","nasdaq-com","dtv","1.85","51.76","51.11",0.94,"3683228","51.84","50.78","50.82","51.23","33.25","767785000","20.22","39740551600",NA,NA,"2.56"
"380","yahoo-finance","dtv","1.85","51.76","50.96",0.94,"3683028","51.84","50.78","50.82","51.84","33.44","767785000","19","3.974e+10",NA,NA,"2.72"
"381","bloomberg","stx","1.238","16.36","16.18",0.2,"5383838","16.37","15.95","16.16","18.35","9.84","430085000","10.555","7036193000","0.18","1.107","1.55"
"382","google-finance","stx","1.24","16.36","16.18",0.2,"5380000","16.37","15.95","16.16","18.35","9.84","430090000","10.37","7.04e+09","0.18","4.4","1.58"
"383","msn-money","stx","1.24","16.36","16.18",0.2,"5380000","16.37","15.95","16.16","18.35","9.84","430090000","10.29","6.95e+09","0.72","4.46","1.58"
"384","nasdaq-com","stx","1.24","16.36","16.18",0.2,"5382998","16.37","15.95","16.16","18.35","9.84","430085000","10.29","7036190600","0.72","4.46","1.59"
"385","yahoo-finance","stx","1.24","16.36","16.06",0.2,"5378898","16.37","15.95","16.16","18.35","9.84","430085000","5.6","46270000","0.36","2.3","2.92"
"386","bloomberg","brcm","2.289","34.41","33.82",0.77,"6380973","34.7","33.59","33.64","47.16","29.7","482600000","16.623","18447200000","0.09","1.07","2.07"
"387","google-finance","brcm","2.29","34.41","33.82",0.77,"6380000","34.7","33.59","33.64","47.39","29.9","539220000","17.36","1.855e+10","0.09","1.05","1.98"
"388","msn-money","brcm","2.29","34.41","33.82",0.77,"6380000","34.7","33.59","33.64","47.39","29.9","5.36e+08","17.29","1.789e+10","0.36","1.07","1.98"
"389","nasdaq-com","brcm","2.29","34.41","33.82",0.77,"6380973","34.7","33.59","33.64","47.39","29.9","482600000","17.29","16606266000","0.36","1.07","1.99"
"390","yahoo-finance","brcm","2.29","34.41","33.8",0.77,"6379725","34.7","33.6","33.64","47.39","29.9","482600000","17.36","1.845e+10","0.36","1.1","1.98"
"391","bloomberg","bbby","1.747","59.39","58.48",1.02,"2185264","59.525","58.4","58.37","59.52","35.55","249128000","18.107","14795740000",NA,NA,"3.28"
"392","google-finance","bbby","1.75","59.39","58.48",1.02,"2190000","59.53","58.4","58.37","59.53","35.55","249130000","18.11","1.48e+10",NA,NA,"3.28"
"393","msn-money","bbby","1.75","59.39","58.48",1.02,"2190000","59.53","58.4","58.37","58.62","35.55","249130000","18.16","1.454e+10",NA,NA,"3.28"
"394","nasdaq-com","bbby","1.75","59.39","58.48",1.02,"2185264","59.525","58.4","58.37","58.62","35.55","249128000","18.11","14795711920",NA,NA,"3.28"
"395","yahoo-finance","bbby","1.75","59.39","58.48",1.02,"2182164","59.53","58.4","58.37","59.53","35.55","249128000","18.11","1.458e+10",NA,NA,"3.28"
"396","bloomberg","atvi","1.37","11.84","11.71",0.16,"3429156","11.88","11.64","11.68","12.65","10.32","1144165000","19.41","13546910000","0.165","1.394","610"
"397","google-finance","atvi","1.37","11.84","11.71",0.16,"3430000","11.88","11.64","11.68","12.65","10.32","1.14e+09","26.82","1.355e+10","0.17","1.39","0.44"
"398","msn-money","atvi","1.37","11.84","11.71",0.16,"3430000","11.88","11.64","11.68","12.65","10.32","1.14e+09","26.31","1.336e+10","0.17","1.41","0.44"
"399","nasdaq-com","atvi","1.37","11.84","11.71",0.16,"3428756","11.88","11.64","11.68","12.65","10.32","1144165000","27.53","13546913600","0.17","1.394","0.43"
"400","yahoo-finance","atvi","1.37","11.84","11.75",0.16,"3428756","11.88","11.64","11.68","12.65","10.32","1144165000","27.41","1.355e+10","0.17","1.4","0.43"
"401","bloomberg","yhoo","2.726","15.45","15.08",0.41,"15329183","15.5","15.02","15.04","18.84","12.94","1302941000","20.065","20130450000",NA,NA,"770"
"402","google-finance","yhoo","2.73","15.45","15.08",0.41,"15330000","15.5","15.02","15.04","18.84","12.94","1.3e+09","18.2","2.013e+10",NA,NA,"0.85"
"403","msn-money","yhoo","2.73","15.45","15.08",0.41,"15330000","15.5","15.02","15.04","18.84","12.94","1.3e+09","16.26","1.96e+10",NA,NA,"0.85"
"404","nasdaq-com","yhoo","2.73","15.45","15.07",0.41,"15327483","15.5","15.02","15.04","18.84","12.94","1302941000","18.18","20130438450",NA,NA,"0.85"
"405","yahoo-finance","yhoo","2.73","15.45","15.08",0.41,"15323730","15.5","15.07","15.04","18.84","12.94","1302941000","18.16","2.013e+10",NA,NA,"0.85"
"406","bloomberg","mrvl","2.337","15.11","14.79",0.345,"9691691","15.2","14.7","14.77","22.01","13.17","611318000","11.898","9237011000",NA,NA,"1.27"
"407","google-finance","mrvl","2.34","15.11","14.79",0.34,"9690000","15.2","14.7","14.77","22.01","13.17","611320000","12.03","9.24e+09",NA,NA,"1.26"
"408","msn-money","mrvl","2.34","15.11","14.79",0.34,"9690000","15.2","14.7","14.77","22.01","13.17","611400000","11.99","9.03e+09",NA,NA,"1.26"
"409","nasdaq-com","mrvl","2.34","15.11","14.79",0.345,"9688961","15.2","14.7","14.765","22.01","13.17","611318000","11.99","9237014980",NA,NA,"1.26"
"410","yahoo-finance","mrvl","2.34","15.11","14.76",0.34,"9688961","15.2","14.7","14.77","22.01","13.17","611318000","11.96","9.24e+09",NA,NA,"1.26"
"411","bloomberg","amat","2.152","13.29","13.01",0.28,"11620332","13.31","12.88","13.01","16.93","10.27","1318250000","10.54","17499770000","0.08","2.185","1.26"
"412","google-finance","amat","2.15","13.29","13.01",0.28,"11620000","13.31","12.88","13.01","16.93","10.27","1.32e+09","11.2","1.752e+10","0.08","2.41","1.19"
"413","msn-money","amat","2.15","13.29","13.01",0.28,"11620000","13.31","12.88","13.01","16.93","10.27","1.32e+09","11.17","1.715e+10","0.32","2.46","1.19"
"414","nasdaq-com","amat","2.15","13.29","13.01",0.28,"11620332","13.31","12.88","13.01","16.93","10.27","1318250000","11.17","17519542500","0.32","2.46","1.19"
"415","yahoo-finance","amat","2.15","13.29","13.04",0.28,"11615896","13.31","12.88","13.01","16.93","10.27","1318250000","11.18","1.752e+10","0.32","2.5","1.19"
"416","bloomberg","akam","64","31.49","31.37",0.02,"5003397","31.65","30.98","31.47","54.65","28.69","186707000","33.511","5879403000",NA,NA,"940"
"417","google-finance","akam","0.06","31.49","31.37",0.02,"5e+06","31.65","30.98","31.47","54.65","28.69","186710000","33.17","5.88e+09",NA,NA,"0.95"
"418","msn-money","akam","0.06","31.49","31.37",0.02,"5e+06","31.65","30.98","31.47","54.65","28.69","186710000","33.5","5.88e+09",NA,NA,"0.95"
"419","nasdaq-com","akam","0.06","31.49","31.37",0.02,"5000537","31.65","30.98","31.47","54.65","28.69","186707000","33.5","5879403430",NA,NA,"0.94"
"420","yahoo-finance","akam","0.06","31.49","31.37",0.02,"5000037","31.65","30.98","31.47","54.65","28.69","186707000","33.32","5.88e+09",NA,NA,"0.95"
"421","bloomberg","biib","1.478","108.5","107.35",1.58,"1669457","108.64","106.92","106.92","109.63","46.15","241632000","22.46","26212260000",NA,NA,"4.83"
"422","google-finance","biib","1.48","108.5","107.35",1.58,"1670000","108.64","106.92","106.92","109.63","46.15","241630000","24.92","2.622e+10",NA,NA,"4.35"
"423","msn-money","biib","1.48","108.5","107.35",1.58,"1670000","108.64","106.92","106.92","109.63","46.15","241630000","25","2.584e+10",NA,NA,"4.35"
"424","nasdaq-com","biib","1.48","108.5","107.35",1.58,"1669257","108.64","106.92","106.92","109.63","46.15","241632000","24.89","26217072000",NA,NA,"4.36"
"425","yahoo-finance","biib","1.48","108.5","107.13",1.58,"1669157","108.64","106.92","106.92","109.63","46.15","241632000","24.91","2.622e+10",NA,NA,"4.36"
"426","bloomberg","urbn","2.735","28.92","28.18",0.77,"3345285","29.07","28.07","28.15","39.26","27.96","159690000","18.902","4618249000",NA,NA,"1.53"
"427","google-finance","urbn","2.74","28.92","28.18",0.77,"3340000","29.07","28.07","28.15","39.26","27.96","159690000","18.88","4.62e+09",NA,NA,"1.53"
"428","msn-money","urbn","2.74","28.92","28.18",0.77,"3340000","29.07","28.07","28.15","39.26","27.96","159690000","19.03","4.5e+09",NA,NA,"1.53"
"429","nasdaq-com","urbn","2.74","28.92","28.18",0.77,"3343521","29.07","28.07","28.15","39.26","27.96","162255000","18.9","4692414600",NA,NA,"1.53"
"430","yahoo-finance","urbn","2.74","28.92","28.18",0.77,"3343021","29.07","28.07","28.15","39.26","27.96","159690000","18.95","4.62e+09",NA,NA,"1.53"
"431","bloomberg","teva","1.618","49","48.47",0.78,"4006925","49.06","48.3","48.22","57.08","44.86","940062000","13.009","46063060000","0.2","1.674","3.767"
"432","google-finance","teva","1.62","49","48.47",0.78,"4e+06","49.06","48.3","48.22","57.08","44.86","939660000","13.16","4.604e+10","0.23","1.67","3.72"
"433","msn-money","teva","1.62","49","48.47",0.78,"4e+06","49.06","48.3","48.22","57.08","44.86","940070000","10.79","4.501e+10","0.82","1.7","3.72"
"434","nasdaq-com","teva","1.62","49","48.47",0.78,"4004825","49.06","48.3","48.22","57.08","44.86","8.93e+08","13.17","4.3757e+10","0.919196","1.91","3.72"
"435","yahoo-finance","teva","1.62","49","48.46",0.78,"4004825","49.06","48.3","48.22","57.08","44.86","940062000","13.17","4.376e+10","0.8","1.7","3.72"
"436","bloomberg","orly","1.069","66.21","65.61",0.7,"1653811","66.52","65.55","65.51","66.52","45.65","137870000","20.821","9128390000",NA,NA,"3.18"
"437","google-finance","orly","1.07","66.21","65.61",0.7,"1640000","66.52","65.55","65.51","66.52","45.65","137870000","22.19","9.13e+09",NA,NA,"2.98"
"438","msn-money","orly","1.07","66.21","65.61",0.7,"1640000","66.52","65.55","65.51","65.63","45.65","137870000","22.29","9.03e+09",NA,NA,"2.98"
"439","nasdaq-com","orly","1.07","66.21","65.61",0.7,"1642876","66.52","65.55","65.51","65.63","45.65","137870000","22.14","9128372700",NA,NA,"2.99"
"440","yahoo-finance","orly","1.07","66.21","65.71",0.7,"1642476","66.52","65.56","65.51","66.52","45.65","137870000","22.3","9.13e+09",NA,NA,"2.97"
"441","bloomberg","apol","6.364","46.46","45.98",2.78,"6387831","47.72","45.62","43.68","53.61","33.75","137281000","9.488","6583124000",NA,NA,"4.9"
"442","google-finance","apol","6.36","46.46","45.98",2.78,"6390000","47.72","45.62","43.68","53.61","33.75","141600000","17.7","6.58e+09",NA,NA,"2.63"
"443","msn-money","apol","6.36","46.46","45.98",2.78,"6390000","47.72","45.62","43.68","53.61","33.75","141600000","17.34","6.19e+09",NA,NA,"2.61"
"444","nasdaq-com","apol","6.36","46.46","45.98",2.78,"6387831","47.72","45.62","43.68","53.61","33.75","141128000","15.75","6556806880",NA,NA,"2.95"
"445","yahoo-finance","apol","6.36","46.46","45.77",2.78,"6385231","47.7","45.62","43.68","53.61","33.75","141600000","17.49","6.58e+09",NA,NA,"2.66"
"446","bloomberg","linta","2.504","17.19","16.78",0.42,"3342206","17.24","16.7","16.77","18.64","10.08","572144000","30.158","10311550000",NA,NA,"570"
"447","google-finance","linta","2.5","17.19","16.78",0.42,"3340000","17.24","16.7","16.77","18.65","10.07","601160000","17.25","1.033e+10",NA,NA,"1"
"448","msn-money","linta","2.5","17.19","16.78",0.42,"3340000","17.24","16.7","16.77","18.65","10.08","734730000","17.19","2.093e+10",NA,NA,"1"
"449","nasdaq-com","linta","2.5","17.19","16.78",0.42,"3342206","17.24","16.7","16.77","18.645","10.075","572144000","17.19","9835155360",NA,NA,"1"
"450","yahoo-finance","linta","2.5","17.19","16.78",0.42,"3341656","17.24","16.7","16.77","18.65","10.08","572144000","17.07","1.033e+10",NA,NA,"1.01"
"451","bloomberg","bidu","2.295","143.346","139.44",3.216,"7198371","143.35","138.9","140.13","156.04","65.9","270453000","78.628","49862890000",NA,NA,"11.78"
"452","google-finance","bidu","2.3","143.35","139.44",3.22,"7200000","143.35","138.9","140.13","156.04","65.9","348810000","78.65","5e+10",NA,NA,"1.82"
"453","msn-money","bidu","2.3","143.35","139.44",3.22,"7200000","143.35","138.9","140.13","156.04","65.9","348810000","93.69","4.888e+10",NA,NA,"1.82"
"454","nasdaq-com","bidu","2.3","143.346","139.44",3.216,"7198371","143.35","138.9","140.13","156.04","65.9","270768000","80.99","38813509728",NA,NA,"1.77"
"455","yahoo-finance","bidu","2.3","143.35","139.43",3.22,"7198371","143.33","138.9","140.13","156.04","65.9","348810000","78.68","5e+10",NA,NA,"1.82"
"456","bloomberg","sndk","3.133","42.8","41.555",1.3,"5728346","42.92","41.51","41.5","53.6","33.03","238372000","8","10202310000",NA,NA,"5.35"
"457","google-finance","sndk","3.13","42.8","41.56",1.3,"5720000","42.92","41.51","41.5","53.6","33.03","238370000","8","1.02e+10",NA,NA,"5.35"
"458","msn-money","sndk","3.13","42.8","41.56",1.3,"5720000","42.92","41.51","41.5","53.61","33.03","238370000","7.97","9.89e+09",NA,NA,"5.35"
"459","nasdaq-com","sndk","3.13","42.8","41.69",1.3,"5720157","42.92","41.51","41.5","53.605","33.03","238372000","8","10202321600",NA,NA,"5.35"
"460","yahoo-finance","sndk","3.13","42.8","41.69",1.3,"5720157","42.92","41.51","41.5","53.61","33.03","238372000","7.98","1.02e+10",NA,NA,"5.36"
"461","bloomberg","spls","759","15.92","15.89",0.12,"10827832","15.98","15.73","15.8","23.75","14.75","713154000","12.438","11353410000","0.1","2.387","1.28"
"462","google-finance","spls","0.76","15.92","15.89",0.12,"10820000","15.98","15.73","15.8","23.75","14.75","713150000","12.89","1.135e+10","0.1","2.51","1.24"
"463","msn-money","spls","0.76","15.92","15.89",0.12,"10820000","15.98","15.73","15.8","23.75","14.75","713150000","12.74","1.127e+10","0.4","2.53","1.24"
"464","nasdaq-com","spls","0.76","15.92","15.89",0.12,"10818730","15.98","15.73","15.8","23.75","14.75","713154000","12.84","11353411680","0.4","2.53","1.24"
"465","yahoo-finance","spls","0.76","15.92","15.84",0.12,"10818730","15.98","15.73","15.8","23.75","14.75","713154000","12.93","1.135e+10","0.4","2.6","1.23"
"466","bloomberg","pcln","2.514","524.798","513.39",0.012868,"1056772","525.24","510","511.93","561.88","173.75","49647000","45.794","26054520000",NA,NA,"11.46"
"467","google-finance","pcln","2.51","524.8","513.39",0.01287,"1060000","525.24","510","511.93","561.88","173.75","49650000","46.12","2.605e+10",NA,NA,"11.38"
"468","msn-money","pcln","2.51","524.8","513.39",0.01287,"1060000","525.24","510","511.93","561.88","173.75","49650000","46.28","2.542e+10",NA,NA,"11.38"
"469","nasdaq-com","pcln","2.51","524.798","513.39",0.012868,"1056407","525.24","510","511.93","561.88","173.75","49647000","46.12","26054646306",NA,NA,"11.38"
"470","yahoo-finance","pcln","2.51","524.8","513.39",0.01287,"1056407","525.16","510","511.93","561.88","173.75","49647000","46.31","2.605e+10",NA,NA,"11.33"
"471","bloomberg","vod","674","26.9","26.42",0.18,"9027217","26.96","26.4","26.72","32.7","20.71","5110882000",NA,"137482700000","0.96","5.336",NA
"472","google-finance","vod","0.67","26.9","26.42",0.18,"8990000","26.96","26.4","26.72","32.7","20.71","5.13e+09","11.14","1.3806e+11","0.98","5.34","2.41"
"473","msn-money","vod","0.67","26.9","26.42",0.18,"8990000","26.96","26.4","26.72","32.7","20.71","5.11e+09",NA,"1.3574e+11","1.44","5.37","2.41"
"474","nasdaq-com","vod","0.67","26.9","26.42",0.18,"8993917","26.96","26.4","26.72","32.7","20.71","5157753000",NA,"138743555700","1.959836","7.33",NA
"475","yahoo-finance","vod","0.67","26.9","26.41",0.18,"8993917","26.96","26.4","26.72","29.75","20.71","5110882000","11.07","1.4019e+11","1.92","7.2","2.43"
"476","bloomberg","wcrx","829","24.33","24.1",0.2,"1330531","24.34","24","24.13","25.92","15.19","253873000","29.671","6176724000","8.5","34.965","820"
"477","google-finance","wcrx","0.83","24.33","24.1",0.2,"1280000","24.34","24","24.13","30.57","19.01","253870000","37.63","6.18e+09","8.5","34.965","0.65"
"478","msn-money","wcrx","0.83","24.33","24.1",0.2,"1280000","24.34","24","24.13","30.57","19.01","253870000","38.02","6.13e+09","8.5","34.965","0.65"
"479","nasdaq-com","wcrx","0.83","24.33","24.1",0.2,"1277481","24.34","24","24.13","30.57","19.01","253873000","37.43","6176730090","8.5","34.965","0.65"
"480","yahoo-finance","wcrx","0.83","24.33","24.12",0.2,"1277481","24.34","24","24.13","30.57","19.01","253873000","38.08","6.18e+09","8.5","34.965","0.64"
"481","bloomberg","expe","1.897","29.54","28.96",0.55,"2252136","29.63","28.89","28.99","29.85","18.3","247777000","20.095","8075563000","0.07","947","1.47"
"482","google-finance","expe","1.9","29.54","28.96",0.55,"2250000","29.63","28.89","28.99","29.85","18.3","273380000","20.35","8.08e+09","0.07","0.95","1.45"
"483","msn-money","expe","1.9","29.54","28.96",0.55,"2250000","29.63","28.89","28.99","29.85","18.3","273380000","20.37","7.93e+09","0.28","0.97","1.45"
"484","nasdaq-com","expe","1.9","29.54","28.96",0.55,"2251336","29.63","28.89","28.99","29.85","18.3","247777000","20.23","7319332580","0.28","0.97","1.46"
"485","yahoo-finance","expe","1.9","29.54","28.89",0.55,"2250036","29.63","28.89","28.99","29.85","18.3","247777000","20.23","8.08e+09","0.28","1","1.46"
"486","bloomberg","expd","2.422","52.43","51.21",1.24,"1128328","52.49","51.19","51.19","57.15","33.65","212370000","30.306","11134570000","0.25","859","1.73"
"487","google-finance","expd","2.42","52.43","51.21",1.24,"1130000","52.49","51.19","51.19","57.15","33.65","212370000","30.31","1.113e+10","0.25","0.95","1.73"
"488","msn-money","expd","2.42","52.43","51.21",1.24,"1130000","52.49","51.19","51.19","57.15","33.65","212370000","30.31","1.087e+10","0.5","0.98","1.73"
"489","nasdaq-com","expd","2.42","52.43","51.21",1.24,"1128328","52.49","51.19","51.19","57.15","33.65","212370000","30.31","11134559100","0.5","0.98","1.73"
"490","yahoo-finance","expd","2.42","52.43","51.19",1.24,"1127428","52.49","51.19","51.19","57.15","33.65","212370000","30.31","1.113e+10","0.5","1","1.73"
"491","bloomberg","ebay","1.456","32.74","32.26",0.47,"12848472","32.8","31.99","32.27","35.35","19.06","1297899000","22.985","42493210000",NA,NA,"1.424"
"492","google-finance","ebay","1.46","32.74","32.26",0.47,"12850000","32.8","31.99","32.27","35.35","19.06","1.3e+09","23.1","4.249e+10",NA,NA,"1.42"
"493","msn-money","ebay","1.46","32.74","32.26",0.47,"12850000","32.8","31.99","32.27","35.35","19.06","1.3e+09","23.06","4.188e+10",NA,NA,"1.42"
"494","nasdaq-com","ebay","1.46","32.74","32.22",0.47,"12847872","32.8","31.99","32.27","35.35","19.06","1297899000","23.06","42493213260",NA,NA,"1.42"
"495","yahoo-finance","ebay","1.46","32.74","32.26",0.47,"12842033","32.8","31.99","32.27","35.35","19.06","1297899000","23.06","4.249e+10",NA,NA,"1.42"
"496","bloomberg","shld","966","72.13","71.05",0.69,"414702","72.44","69.65","71.44","94.79","59.21","107706000",NA,"7768811000",NA,NA,"-410"
"497","google-finance","shld","0.97","72.13","71.05",0.69,"414172","72.44","69.65","71.44","94.79","59.21","107710000",NA,"7.77e+09",NA,NA,"-0.48"
"498","msn-money","shld","0.97","72.13","71.05",0.69,"414172","72.44","69.65","71.44","94.79","59.21","107710000","-136.09","7.69e+09",NA,NA,"-0.48"
"499","nasdaq-com","shld","0.97","72.13","71.05",0.69,"414172","72.44","69.65","71.44","94.7884","59.21","107706000",NA,"7768833780",NA,NA,"-0.48"
"500","yahoo-finance","shld","0.97","72.13","71",0.69,"414172","72.44","69.65","71.44","94.79","59.21","107706000",NA,"7.77e+09",NA,NA,"-0.49"
