Source;Symbol;ChangePerc;ClosePrice;OpenPrice;ChangeInDollars;Volume;HighPrice;LowPrice;PreviousClose;YearHigh;YearLow;NShares;PE;MarketCap;Yield;DividendYield;EPS
bloomberg;sial;1.172%;74.240;73.540;860;674,663;74.265;73.070;;74.26;48.80;121.827mil;21.771;9,044.402mil;917;0.180 regular cash;3.410
google-finance;sial;(1.17%);74.24;73.54;+0.86;673,614.00;74.26;73.07;;74.26;48.80;121.80m;22.66;9.04b;0.97;0.18;3.28
msn-money;sial;+1.17%;74.24;73.54;+0.86;673,614;74.27;73.07;73.38;73.60;48.80;121.83 mil;22.63;8.94 bil;0.98%;0.72;3.28
nasdaq-com;sial;1.17%;$ 74.24;$ 73.54;0.86;673,614;$ 74.265;$ 73.07;$ 73.38;$ 73.60;$ 48.80;121,827,000;22.63;$ 9,044,436,480;0.98 %;$0.720000;$ 3.28
yahoo-finance;sial;1.17%;74.24;73.54;0.86;673,614;74.26;73.07;73.38;74.26;48.80;;22.63;9.04b;1.00%;0.72;3.28
bloomberg;bmc;1.993%;55.790;54.840;1.090;2,300,895;56.100;54.800;;56.16;34.24;176.858mil;25.018;9,866.908mil;;;2.230
google-finance;bmc;(1.99%);55.79;54.84;+1.09;2.30m;56.10;54.80;;56.16;34.24;175.93m;22.31;9.82b;;;2.50
msn-money;bmc;+1.99%;55.79;54.84;+1.09;2.3 mil;56.10;54.80;54.70;56.16;34.24;175.93 mil;16.80;9.62 bil;;;2.50
nasdaq-com;bmc;1.99%;$ 55.79;$ 54.84;1.09;2,300,895;$ 56.10;$ 54.80;$ 54.70;$ 56.16;$ 34.24;176,858,000;22.59;$ 9,866,907,820;;;$ 2.47
yahoo-finance;bmc;1.99%;55.79;54.94;1.09;2,300,795;56.03;54.80;54.70;56.16;34.24;;22.32;9.87b;;;2.50
bloomberg;qcom;1.919%;57.880;56.790;1.090;11,968,775;57.980;56.440;;59.84;31.63;1,669.532mil;21.437;96,632.520mil;1.356;0.215 regular cash;2.700
google-finance;qcom;(1.92%);57.88;56.79;+1.09;12.03m;57.98;56.44;;59.84;31.63;1.67b;25.14;96.63b;1.49;0.22;2.30
msn-money;qcom;+1.92%;57.88;56.79;+1.09;12.03 mil;57.98;56.44;56.79;59.84;31.63;1.67 bil;25.17;94.81 bil;1.51%;0.86;2.30
nasdaq-com;qcom;1.92%;$ 57.88;$ 56.79;1.09;12,028,798;$ 57.98;$ 56.44;$ 56.79;$ 59.84;$ 31.63;1,669,532,000;25.17;$ 96,632,512,160;1.51 %;$0.860000;$ 2.30
yahoo-finance;qcom;1.92%;57.88;56.78;1.09;12,028,798;57.98;56.44;56.79;59.84;31.63;;25.12;96.63b;1.60%;0.86;2.30
bloomberg;nvda;1.318%;16.145;15.940;210;13,036,144;16.210;15.620;;26.17;8.65;600.288mil;25.627;9,691.656mil;;;630
google-finance;nvda;(1.32%);16.15;15.94;+0.21;13.40m;16.21;15.62;;26.17;8.65;600.29m;39.83;9.69b;;;0.41
msn-money;nvda;+1.32%;16.15;15.94;+0.21;13.4 mil;16.21;15.62;15.94;26.17;8.65;600.29 mil;38.44;9.57 bil;;;0.41
nasdaq-com;nvda;1.32%;$ 16.145;$ 15.94;0.21;13,396,378;$ 16.21;$ 15.62;$ 15.935;$ 26.17;$ 8.65;600,288,000;40.36;$ 9,691,649,760;;;$ 0.40
yahoo-finance;nvda;1.32%;16.15;16.00;0.21;13,396,278;16.21;15.62;15.94;26.17;8.65;;38.08;9.69b;;;0.42
bloomberg;ctxs;975%;80.780;80.310;780;1,659,407;81.320;79.970;;88.49;41.62;187.995mil;50.174;15,186.270mil;;;1.610
google-finance;ctxs;(0.97%);80.78;80.31;+0.78;1.66m;81.32;79.97;;88.49;41.62;188.00m;50.90;15.19b;;;1.59
msn-money;ctxs;+0.97%;80.78;80.31;+0.78;1.66 mil;81.32;79.97;80.00;88.49;41.62;188.00 mil;50.81;15.04 bil;;;1.59
nasdaq-com;ctxs;0.98%;$ 80.78;$ 80.31;0.78;1,659,407;$ 81.32;$ 79.97;$ 80;$ 88.4895;$ 41.62;187,995,000;51.13;$ 15,186,236,100;;;$ 1.58
yahoo-finance;ctxs;0.97%;80.78;80.31;0.78;1,659,407;81.32;79.97;80.00;88.49;41.62;;50.84;15.19b;;;1.59
bloomberg;srcl;2.356%;91.220;89.560;2.100;516,502;91.250;89.360;;95.71;61.02;85.849mil;34.817;7,831.145mil;;;2.620
google-finance;srcl;(2.36%);91.22;89.56;+2.10;516,044.00;91.25;89.36;;95.71;61.02;85.85m;36.91;7.83b;;;2.47
msn-money;srcl;+2.36%;91.22;89.56;+2.10;516,044;91.25;89.36;89.12;95.71;61.02;85.85 mil;36.93;7.65 bil;;;2.47
nasdaq-com;srcl;2.36%;$ 91.22;$ 89.56;2.10;516,044;$ 91.25;$ 89.36;$ 89.12;$ 95.71;$ 61.02;85,849,000;36.93;$ 7,831,145,780;;;$ 2.47
yahoo-finance;srcl;2.36%;91.22;89.56;2.10;516,044;91.25;89.36;89.12;95.71;61.02;;36.93;7.83b;;;2.47
bloomberg;esrx;-37%;53.960;54.080;-20;6,187,177;54.350;53.780;;60.89;41.55;529.454mil;22.206;28,569.340mil;;;2.430
google-finance;esrx;(-0.04%);53.96;54.08;-0.02;6.19m;54.35;53.78;;60.89;41.55;529.12m;22.86;28.55b;;;2.36
msn-money;esrx;-0.04%;53.96;54.08;-0.02;6.19 mil;54.35;53.78;53.98;60.89;41.55;529.45 mil;23.26;28.58 bil;;;2.32
nasdaq-com;esrx;0.04%;$ 53.96;$ 54.08;0.02;6,187,177;$ 54.35;$ 53.78;$ 53.98;$ 60.89;$ 41.55;529,454,000;23.26;$ 28,569,337,840;;;$ 2.32
yahoo-finance;esrx;0.04%;53.96;53.99;0.02;6,181,089;54.35;53.78;53.98;60.89;41.55;;23.37;28.57b;;;2.31
bloomberg;csco;1.602%;15.860;15.630;250;56,477,627;15.950;15.600;;26.00;14.78;5,500.185mil;11.947;87,507.940mil;378;0.060 regular cash;1.330
google-finance;csco;(1.60%);15.86;15.63;+0.25;56.48m;15.95;15.60;;26.00;14.78;5.50b;12.46;87.23b;1.51;0.06;1.27
msn-money;csco;+1.60%;15.86;15.63;+0.25;56.48 mil;15.95;15.60;15.61;26.00;14.78;5.50 bil;12.39;85.86 bil;1.54%;0.24;1.27
nasdaq-com;csco;1.6%;$ 15.86;$ 15.65;0.25;56,482,911;$ 15.95;$ 15.60;$ 15.61;$ 26;$ 14.78;5,500,185,000;12.49;$ 87,232,934,100;;;$ 1.27
yahoo-finance;csco;1.60%;15.86;15.61;0.25;56,480,911;15.95;15.60;15.61;26.00;14.78;;12.38;87.23b;1.60%;0.24;1.28
bloomberg;fast;1.834%;36.650;36.040;660;2,930,250;36.710;36.000;;36.71;22.14;294.861mil;37.398;10,806.670mil;2.183;0.130 regular cash;980
google-finance;fast;(1.83%);36.65;36.04;+0.66;2.93m;36.71;36.00;;36.71;22.32;294.86m;37.45;10.81b;1.42;0.13;0.98
msn-money;fast;+1.83%;36.65;36.04;+0.66;2.93 mil;36.71;36.00;35.99;36.42;22.32;294.86 mil;37.40;10.61 bil;1.44%;0.52;0.98
nasdaq-com;fast;1.83%;$ 36.65;$ 36.04;0.66;2,930,250;$ 36.71;$ 36;$ 35.99;$ 36.42;$ 22.32;294,861,000;35.58;$ 10,806,655,650;;;$ 1.03
yahoo-finance;fast;1.83%;36.65;36.09;0.66;2,928,650;36.71;36.00;35.99;36.71;22.32;;37.40;10.81b;1.40%;0.52;0.98
bloomberg;mchp;1.161%;38.350;37.980;440;1,385,332;38.490;37.760;;41.50;27.19;190.480mil;17.511;7,304.895mil;3.593;0.346 regular cash;2.190
google-finance;mchp;(1.16%);38.35;37.98;+0.44;1.38m;38.49;37.76;;41.50;27.19;190.48m;17.44;7.30b;3.61;0.35;2.20
msn-money;mchp;+1.16%;38.35;37.98;+0.44;1.38 mil;38.49;37.76;37.91;41.50;27.19;190.48 mil;17.43;7.22 bil;3.65%;1.38;2.15
nasdaq-com;mchp;1.16%;$ 38.35;$ 37.98;0.44;1,383,356;$ 38.49;$ 37.76;$ 37.91;$ 41.50;$ 27.19;190,480,000;17.92;$ 7,304,908,000;3.65 %;$1.384000;$ 2.14
yahoo-finance;mchp;1.16%;38.35;37.98;0.44;1,383,356;38.49;37.76;37.91;41.50;27.19;;17.85;7.30b;3.70%;1.38;2.15
bloomberg;vmed;1.036%;30.240;30.240;310;4,867,903;30.500;30.030;;33.32;16.24;313.459mil;78.402;9,479.009mil;530;0.040 regular cash;240
google-finance;vmed;(1.04%);30.24;30.24;+0.31;4.87m;30.50;30.03;;33.32;16.24;317.27m;104,275.86;9.59b;0.53;0.04;0.00
msn-money;vmed;+1.04%;30.24;30.24;+0.31;4.87 mil;30.50;30.03;29.93;33.32;16.24;317.27 mil;-9.48;9.5 bil;0.53%;0.16;0.12
nasdaq-com;vmed;1.04%;$ 30.24;$ 30.24;0.31;4,867,103;$ 30.50;$ 30.03;$ 29.93;$ 33.32;$ 16.24;317,268,000;232.62;$ 9,594,184,320;0.53 %;$0.160000;$ 0.13
yahoo-finance;vmed;1.04%;30.24;30.24;0.31;4,867,103;30.50;30.03;29.93;33.32;16.24;;272.43;9.59b;0.50%;0.16;0.11
bloomberg;ntap;2.918%;54.320;53.510;1.540;8,702,113;54.570;53.070;;61.02;36.66;371.113mil;33.325;20,158.830mil;;;1.630
google-finance;ntap;(2.92%);54.32;53.51;+1.54;8.70m;54.57;53.07;;61.02;36.66;371.11m;31.82;20.16b;;;1.71
msn-money;ntap;+2.92%;54.32;53.51;+1.54;8.7 mil;54.57;53.07;52.78;61.02;36.66;371.11 mil;31.77;19.59 bil;;;1.71
nasdaq-com;ntap;2.92%;$ 54.32;$ 53.51;1.54;8,699,525;$ 54.57;$ 53.07;$ 52.78;$ 61.02;$ 36.66;367,872,000;33.53;$ 19,982,807,040;;;$ 1.62
yahoo-finance;ntap;2.92%;54.32;53.51;1.54;8,699,125;54.57;53.07;52.78;61.02;36.66;;31.77;20.16b;;;1.71
bloomberg;ctrp;2.252%;44.050;43.240;970;1,345,909;44.170;42.680;;53.16;31.35;136.221mil;40.599;6,000.540mil;;0.112 regular cash;1.085
google-finance;ctrp;(2.25%);44.05;43.24;+0.97;1.35m;44.17;42.68;;53.16;31.35;574.16m;39.67;25.29b;;;1.11
msn-money;ctrp;+2.25%;44.05;43.24;+0.97;1.35 mil;44.17;42.68;43.08;53.16;31.35;143.54 mil;39.68;6.18 bil;;;1.11
nasdaq-com;ctrp;2.25%;$ 44.05;$ 43.24;0.97;1,345,909;$ 44.17;$ 42.68;$ 43.08;$ 53.16;$ 31.35;143,564,000;40.79;$ 6,323,994,200;;;$ 1.08
yahoo-finance;ctrp;2.25%;44.05;43.16;0.97;1,345,909;44.17;42.68;43.08;53.16;31.35;;39.58;6.32b;;;1.11
bloomberg;rost;1.435%;81.270;80.370;1.150;818,009;81.350;79.770;;83.11;48.71;116.956mil;16.451;9,505.039mil;935;0.220 regular cash;4.940
google-finance;rost;(1.44%);81.27;80.37;+1.15;816,385.00;81.35;79.77;;83.11;48.71;116.96m;16.43;9.51b;1.08;0.22;4.95
msn-money;rost;+1.44%;81.27;80.37;+1.15;816,385;81.35;79.77;80.12;83.11;48.71;116.96 mil;16.42;9.37 bil;1.10%;0.88;4.95
nasdaq-com;rost;1.44%;$ 81.27;$ 80.37;1.15;816,385;$ 81.35;$ 79.77;$ 80.12;$ 83.11;$ 48.71;117,510,000;16.45;$ 9,550,037,700;1.1 %;$0.880000;$ 4.94
yahoo-finance;rost;1.44%;81.27;80.37;1.15;816,385;81.35;79.77;80.12;83.11;48.71;;16.43;9.51b;1.10%;0.88;4.95
bloomberg;payx;1.074%;31.050;30.600;330;2,072,296;31.090;30.600;;33.91;24.65;361.850mil;21.866;11,235.430mil;4.000;0.310 regular cash;1.420
google-finance;payx;(1.07%);31.05;30.60;+0.33;2.07m;31.09;30.60;;33.91;24.65;361.85m;21.84;11.24b;3.99;0.31;1.42
msn-money;payx;+1.07%;31.05;30.60;+0.33;2.07 mil;31.09;30.60;30.72;33.91;24.65;361.85 mil;21.87;11.12 bil;4.04%;1.24;1.42
nasdaq-com;payx;1.07%;$ 31.05;$ 30.60;0.33;2,070,249;$ 31.09;$ 30.60;$ 30.72;$ 33.91;$ 24.6519;361,850,000;21.87;$ 11,235,442,500;4.04 %;$1.240000;$ 1.42
yahoo-finance;payx;1.07%;31.05;30.62;0.33;2,070,249;31.09;30.60;30.72;33.91;24.65;;21.87;11.24b;4.10%;1.24;1.42
bloomberg;qgen;263%;19.070;19.140;50;1,700,468;19.180;19.010;;22.20;16.86;233.683mil;28.044;4,456.343mil;;;680
google-finance;qgen;(0.26%);19.07;19.14;+0.05;1.70m;19.18;19.01;;22.20;16.86;232.83m;32.87;4.44b;;;0.58
msn-money;qgen;+0.26%;19.07;19.14;+0.05;1.7 mil;19.18;19.01;19.02;22.20;16.86;232.83 mil;31.26;4.43 bil;;;0.58
nasdaq-com;qgen;0.26%;$ 19.07;$ 19.14;0.05;1,699,768;$ 19.18;$ 19.01;$ 19.02;$ 22.20;$ 16.86;233,163,000;32.88;$ 4,446,418,410;;;$ 0.58
yahoo-finance;qgen;0.26%;19.07;19.17;0.05;1,699,637;19.18;19.01;19.02;22.20;16.86;;32.88;4.46b;;;0.58
bloomberg;grmn;1.665%;33.580;33.120;550;1,253,341;33.720;33.050;;36.42;26.11;208.077mil;11.950;6,987.240mil;2.384;0.400 regular cash;2.810
google-finance;grmn;(1.67%);33.58;33.12;+0.55;1.25m;33.72;33.05;;36.42;26.11;194.01m;10.39;6.52b;4.76;0.40;3.23
msn-money;grmn;+1.67%;33.58;33.12;+0.55;1.25 mil;33.72;33.05;33.03;36.42;26.11;194.02 mil;10.33;6.41 bil;4.84%;1.60;3.23
nasdaq-com;grmn;1.67%;$ 33.58;$ 33.12;0.55;1,253,241;$ 33.72;$ 33.05;$ 33.03;$ 36.42;$ 26.11;208,077,000;10.27;$ 6,987,225,660;4.54 %;$1.501000;$ 3.27
yahoo-finance;grmn;1.67%;33.58;33.20;0.55;1,253,141;33.72;33.05;33.03;36.42;26.11;;10.28;6.51b;6.00%;1.91;3.27
bloomberg;nflx;2.018%;267.990;262.060;5.300;3,983,786;268.260;262.060;;277.70;95.33;52.519mil;77.009;14,074.610mil;;;3.480
google-finance;nflx;(2.02%);267.99;262.06;+5.30;3.98m;268.26;262.06;;277.70;95.33;52.89m;76.91;14.17b;;;3.48
msn-money;nflx;+2.02%;267.99;262.06;+5.30;3.98 mil;268.26;262.06;262.69;277.70;95.33;52.49 mil;77.01;13.79 bil;;;3.48
nasdaq-com;nflx;2.02%;$ 267.99;$ 262.06;5.30;3,983,324;$ 268.26;$ 262.06;$ 262.69;$ 277.70;$ 95.33;52,491,000;77.01;$ 14,067,063,090;;;$ 3.48
yahoo-finance;nflx;2.02%;267.99;262.06;5.30;3,983,324;268.26;262.06;262.69;277.70;95.33;;76.96;14.07b;;;3.48
bloomberg;sbux;1.773%;40.190;39.620;700;6,421,769;40.260;39.500;;40.26;22.50;749.600mil;27.527;30,126.420mil;1.293;0.130 regular cash;1.460
google-finance;sbux;(1.77%);40.19;39.62;+0.70;6.42m;40.26;39.50;;40.26;22.50;749.60m;28.13;30.13b;1.29;0.13;1.43
msn-money;sbux;+1.77%;40.19;39.62;+0.70;6.42 mil;40.26;39.50;39.49;39.79;22.50;749.60 mil;28.10;29.6 bil;1.32%;0.52;1.43
nasdaq-com;sbux;1.77%;$ 40.19;$ 39.62;0.70;6,416,272;$ 40.26;$ 39.50;$ 39.49;$ 39.79;$ 22.50;749,600,000;28.1;$ 30,126,424,000;1.32 %;$0.520000;$ 1.43
yahoo-finance;sbux;1.77%;40.19;39.62;0.70;6,414,572;40.26;39.50;39.49;40.26;22.50;;28.09;30.13b;1.30%;0.52;1.43
bloomberg;myl;1.216%;24.970;24.670;300;4,478,723;24.990;24.520;;25.46;16.55;439.251mil;20.808;10,968.110mil;;;1.200
google-finance;myl;(1.22%);24.97;24.67;+0.30;4.48m;24.99;24.52;;25.46;16.55;439.25m;34.21;10.97b;;;0.73
msn-money;myl;+1.22%;24.97;24.67;+0.30;4.48 mil;24.99;24.52;24.67;25.46;16.55;439.25 mil;35.17;10.84 bil;;;0.73
nasdaq-com;myl;1.22%;$ 24.97;$ 24.67;0.30;4,476,181;$ 24.99;$ 24.52;$ 24.67;$ 25.46;$ 16.55;439,251,000;34.21;$ 10,968,097,470;0.97 %;$0.240000;$ 0.73
yahoo-finance;myl;1.22%;24.97;24.67;0.30;4,473,881;24.99;24.52;24.67;25.46;16.55;;34.30;10.97b;;;0.73
bloomberg;fslr;597%;133.060;130.660;790;1,735,071;133.480;129.111;;175.45;111.40;86.161mil;18.532;11,464.540mil;;;7.180
google-finance;fslr;(0.60%);133.06;130.66;+0.79;1.74m;133.48;129.11;;175.45;111.40;86.16m;18.98;11.46b;;;7.01
msn-money;fslr;+0.60%;133.06;130.66;+0.79;1.74 mil;133.48;129.11;132.27;175.45;111.40;86.16 mil;18.98;11.4 bil;;;7.01
nasdaq-com;fslr;0.6%;$ 133.06;$ 130.66;0.79;1,735,871;$ 133.48;$ 129.1109;$ 132.27;$ 175.449;$ 111.40;86,161,000;18.98;$ 11,464,582,660;;;$ 7.01
yahoo-finance;fslr;0.60%;133.06;130.66;0.79;1,735,671;133.48;129.11;132.27;175.45;111.40;;18.99;11.46b;;;7.01
bloomberg;altr;2.546%;47.530;46.440;1.180;3,756,676;47.750;46.200;;49.59;24.20;322.224mil;17.790;15,305.620mil;504;0.060 regular cash;2.670
google-finance;altr;(2.55%);47.53;46.44;+1.18;3.76m;47.75;46.20;;49.59;24.20;322.22m;17.83;15.32b;0.50;0.06;2.67
msn-money;altr;+2.55%;47.53;46.44;+1.18;3.76 mil;47.75;46.20;46.35;49.59;24.20;322.22 mil;17.80;14.94 bil;0.52%;0.24;2.67
nasdaq-com;altr;2.55%;$ 47.53;$ 46.44;1.18;3,756,676;$ 47.75;$ 46.20;$ 46.35;$ 49.59;$ 24.20;322,224,000;17.8;$ 15,315,306,720;0.52 %;$0.240000;$ 2.67
yahoo-finance;altr;2.55%;47.53;46.38;1.18;3,755,876;47.75;46.20;46.35;49.59;24.20;;17.83;15.32b;0.50%;0.24;2.67
bloomberg;intc;1.670%;22.530;22.210;370;35,364,980;22.580;22.100;;23.96;17.60;5,302.000mil;10.339;119,351.700mil;3.003;0.210 regular cash;2.180
google-finance;intc;(1.67%);22.53;22.21;+0.37;35.36m;22.58;22.10;;23.96;17.60;5.30b;10.50;119.45b;3.73;0.21;2.15
msn-money;intc;+1.67%;22.53;22.21;+0.37;35.36 mil;22.58;22.10;22.16;23.96;17.60;5.30 bil;10.53;117.49 bil;3.79%;0.84;2.15
nasdaq-com;intc;1.67%;$ 22.53;$ 22.25;0.37;35,364,863;$ 22.58;$ 22.10;$ 22.16;$ 23.96;$ 17.60;5,302,000,000;10.33;$ 119,454,060,000;3.27 %;$0.724800;$ 2.18
yahoo-finance;intc;1.67%;22.53;22.24;0.37;35,351,601;22.58;22.10;22.16;23.96;17.60;;10.53;119.45b;3.40%;0.72;2.14
bloomberg;msft;77%;26.020;25.930;20;49,654,988;26.170;25.840;;29.46;22.73;8,432.767mil;10.577;219,420.600mil;2.339;0.160 regular cash;2.460
google-finance;msft;(0.08%);26.02;25.93;+0.02;49.59m;26.17;25.84;;29.46;22.73;8.43b;10.31;219.42b;2.46;0.16;2.52
msn-money;msft;+0.08%;26.02;25.93;+0.02;49.59 mil;26.17;25.84;26.00;29.46;22.73;8.43 bil;10.33;219.25 bil;2.46%;0.64;2.52
nasdaq-com;msft;0.08%;$ 26.02;$ 25.95;0.02;49,590,671;$ 26.17;$ 25.84;$ 26;$ 29.46;$ 22.73;8,432,767,000;10.37;$ 219,420,597,340;2.46 %;$0.640000;$ 2.51
yahoo-finance;msft;0.08%;26.02;25.95;0.02;49,583,793;26.17;25.84;26.00;29.46;22.73;;10.34;219.42b;2.50%;0.64;2.52
bloomberg;ctsh;1.991%;74.800;73.480;1.460;2,153,733;74.860;73.120;;83.48;48.98;304.250mil;29.333;22,757.890mil;;;2.550
google-finance;ctsh;(1.99%);74.80;73.48;+1.46;2.15m;74.86;73.12;;83.48;48.98;304.25m;29.39;22.76b;;;2.55
msn-money;ctsh;+1.99%;74.80;73.48;+1.46;2.15 mil;74.86;73.12;73.34;83.48;48.98;304.25 mil;29.33;22.31 bil;;;2.55
nasdaq-com;ctsh;1.99%;$ 74.80;$ 73.48;1.46;2,153,733;$ 74.8596;$ 73.1201;$ 73.34;$ 83.48;$ 48.98;304,250,000;29.33;$ 22,757,900,000;;;$ 2.55
yahoo-finance;ctsh;1.99%;74.80;73.65;1.46;2,153,533;74.86;73.12;73.34;83.48;48.98;;29.34;22.76b;;;2.55
bloomberg;intu;733%;52.240;51.970;380;1,561,430;52.370;51.630;;56.46;34.00;304.000mil;25.359;15,880.980mil;;;2.060
google-finance;intu;(0.73%);52.24;51.97;+0.38;1.56m;52.37;51.63;;56.46;34.00;304.00m;25.44;15.88b;;;2.05
msn-money;intu;+0.73%;52.24;51.97;+0.38;1.56 mil;52.37;51.63;51.86;56.46;34.00;304.00 mil;25.24;15.77 bil;;;2.05
nasdaq-com;intu;0.73%;$ 52.24;$ 51.97;0.38;1,561,430;$ 52.37;$ 51.63;$ 51.86;$ 56.46;$ 34;302,581,000;25.36;$ 15,806,831,440;;;$ 2.06
yahoo-finance;intu;0.73%;52.24;51.97;0.38;1,561,330;52.37;51.63;51.86;56.46;34.00;;26.02;15.88b;;;2.01
bloomberg;chkp;-176%;56.750;56.640;-100;1,521,953;56.890;56.250;;56.92;28.82;207.621mil;25.448;11,782.490mil;;;2.230
google-finance;chkp;(-0.18%);56.75;56.64;-0.10;1.52m;56.89;56.25;;56.92;28.82;208.41m;25.39;11.83b;;;2.23
msn-money;chkp;-0.18%;56.75;56.64;-0.10;1.52 mil;56.89;56.25;56.85;56.92;28.82;208.41 mil;24.57;11.85 bil;;;2.24
nasdaq-com;chkp;0.18%;$ 56.75;$ 56.64;0.10;1,521,553;$ 56.89;$ 56.25;$ 56.85;$ 56.923;$ 28.82;207,589,000;25.45;$ 11,780,675,750;;;$ 2.23
yahoo-finance;chkp;0.18%;56.75;56.65;0.10;1,518,553;56.89;56.25;56.85;56.92;28.82;;25.33;11.81b;;;2.24
bloomberg;life;499%;52.330;52.240;260;2,311,938;52.610;51.830;;57.25;41.10;178.766mil;24.684;9,354.815mil;;;2.120
google-finance;life;(0.50%);52.33;52.24;+0.26;2.31m;52.61;51.83;;57.25;41.10;178.77m;26.07;9.35b;;;2.01
msn-money;life;+0.50%;52.33;52.24;+0.26;2.31 mil;52.61;51.83;52.07;57.25;41.10;178.77 mil;26.03;9.31 bil;;;2.01
nasdaq-com;life;0.5%;$ 52.33;$ 52.24;0.26;2,310,985;$ 52.61;$ 51.83;$ 52.07;$ 57.25;$ 41.10;178,766,000;26.03;$ 9,354,824,780;;;$ 2.01
yahoo-finance;life;0.50%;52.33;52.24;0.26;2,310,885;52.59;51.83;52.07;57.25;41.10;;26.09;9.35b;;;2.01
bloomberg;hsic;1.886%;72.940;71.730;1.350;389,270;73.010;71.280;;74.48;50.96;92.252mil;19.929;6,728.826mil;;;3.660
google-finance;hsic;(1.89%);72.94;71.73;+1.35;388,970.00;73.01;71.28;;74.48;50.96;92.25m;19.90;6.73b;;;3.66
msn-money;hsic;+1.89%;72.94;71.73;+1.35;388,970;73.01;71.28;71.59;74.48;50.96;92.25 mil;19.98;6.6 bil;;;3.67
nasdaq-com;hsic;1.89%;$ 72.94;$ 71.73;1.35;388,970;$ 73.01;$ 71.28;$ 71.59;$ 74.48;$ 50.96;92,252,000;19.93;$ 6,728,860,880;;;$ 3.66
yahoo-finance;hsic;1.89%;72.94;71.73;1.35;388,970;73.01;71.28;71.59;74.48;50.96;;19.99;6.73b;;;3.65
bloomberg;joyg;1.995%;97.140;94.950;1.900;1,967,331;97.530;93.690;;103.44;48.05;105.040mil;19.428;10,203.540mil;721;0.175 regular cash;5.000
google-finance;joyg;(1.99%);97.14;94.95;+1.90;1.97m;97.53;93.69;;103.44;48.05;105.04m;19.43;10.20b;0.72;0.17;5.00
msn-money;joyg;+1.99%;97.14;94.95;+1.90;1.97 mil;97.53;93.69;95.24;103.44;48.05;105.04 mil;19.43;10 bil;0.73%;0.70;5.00
nasdaq-com;joyg;1.99%;$ 97.14;$ 94.68;1.90;1,967,331;$ 97.53;$ 93.69;$ 95.24;$ 103.44;$ 48.05;104,787,000;19.43;$ 10,179,009,180;0.73 %;$0.700000;$ 5
yahoo-finance;joyg;1.99%;97.14;94.89;1.90;1,967,331;97.53;93.70;95.24;103.44;48.05;;19.44;10.20b;0.80%;0.70;5.00
bloomberg;ffiv;2.639%;113.160;110.830;2.910;1,425,728;113.330;110.130;;145.76;66.79;81.111mil;46.000;9,178.532mil;;;2.460
google-finance;ffiv;(2.64%);113.16;110.83;+2.91;1.43m;113.34;110.13;;145.76;66.79;81.11m;46.07;9.18b;;;2.46
msn-money;ffiv;+2.64%;113.16;110.83;+2.91;1.43 mil;113.33;110.13;110.25;145.76;66.79;81.11 mil;46.19;8.94 bil;;;2.46
nasdaq-com;ffiv;2.64%;$ 113.16;$ 110.83;2.91;1,425,728;$ 113.33;$ 110.13;$ 110.25;$ 145.76;$ 66.79;81,111,000;46.19;$ 9,178,520,760;;;$ 2.45
yahoo-finance;ffiv;2.64%;113.16;110.83;2.91;1,425,728;113.33;110.13;110.25;145.76;66.79;;46.21;9.18b;;;2.45
bloomberg;ilmn;1.144%;76.010;75.160;860;1,127,564;76.390;74.850;;76.81;41.16;123.132mil;73.086;9,359.264mil;;;1.040
google-finance;ilmn;(1.14%);76.01;75.16;+0.86;1.13m;76.39;74.85;;76.81;41.15;123.13m;87.63;9.36b;;;0.87
msn-money;ilmn;+1.14%;76.01;75.16;+0.86;1.13 mil;76.39;74.85;75.15;76.81;41.16;123.13 mil;87.37;9.25 bil;;;0.87
nasdaq-com;ilmn;1.14%;$ 76.01;$ 75.16;0.86;1,127,564;$ 76.39;$ 74.85;$ 75.15;$ 76.81;$ 41.155;123,132,000;88.38;$ 9,359,263,320;;;$ 0.86
yahoo-finance;ilmn;1.14%;76.01;75.31;0.86;1,124,864;76.39;74.86;75.15;76.81;41.15;;88.08;9.36b;;;0.86
bloomberg;nihd;1.817%;43.150;42.270;770;979,392;43.180;41.970;;46.32;32.36;170.197mil;19.178;7,344.019mil;;;2.250
google-finance;nihd;(1.82%);43.15;42.27;+0.77;978,948.00;43.18;41.97;;46.32;32.36;170.20m;19.16;7.34b;;;2.25
msn-money;nihd;+1.82%;43.15;42.27;+0.77;978,948;43.18;41.97;42.38;46.32;32.36;170.20 mil;19.01;7.21 bil;;;2.25
nasdaq-com;nihd;1.82%;$ 43.15;$ 42.27;0.77;978,948;$ 43.18;$ 41.97;$ 42.38;$ 46.32;$ 32.36;170,197,000;18.28;$ 7,344,000,550;;;$ 2.36
yahoo-finance;nihd;1.82%;43.15;42.18;0.77;978,848;43.18;41.97;42.38;46.32;32.36;;19.11;7.34b;;;2.26
bloomberg;cost;369%;81.540;81.500;300;2,074,561;81.700;81.040;;83.95;53.41;437.813mil;25.402;35,699.270mil;1.049;0.240 regular cash;3.210
google-finance;cost;(0.37%);81.54;81.50;+0.30;2.07m;81.70;81.04;;83.95;53.41;437.81m;25.49;35.70b;1.18;0.24;3.20
msn-money;cost;+0.37%;81.54;81.50;+0.30;2.07 mil;81.70;81.04;81.24;83.95;53.41;437.81 mil;25.56;35.57 bil;1.18%;0.96;3.20
nasdaq-com;cost;0.37%;$ 81.54;$ 81.50;0.30;2,073,601;$ 81.70;$ 81.04;$ 81.24;$ 83.95;$ 53.41;436,860,000;25.48;$ 35,621,564,400;1.18 %;$0.960000;$ 3.20
yahoo-finance;cost;0.37%;81.54;81.51;0.30;2,073,101;81.70;81.04;81.24;83.95;53.41;;25.47;35.70b;1.20%;0.96;3.20
bloomberg;aapl;2.261%;343.260;335.950;7.590;15,450,575;343.500;334.200;;364.90;235.56;924.755mil;16.358;317,375.800mil;;;20.980
google-finance;aapl;(2.26%);343.26;335.95;+7.59;15.45m;343.50;334.20;;364.90;235.56;921.28m;16.36;316.24b;;;20.98
msn-money;aapl;+2.26%;343.26;335.95;+7.59;15.45 mil;343.50;334.20;335.67;364.90;235.56;924.75 mil;16.36;310.41 bil;;;20.98
nasdaq-com;aapl;2.26%;$ 343.26;$ 335.95;7.59;15,447,286;$ 343.50;$ 334.20;$ 335.67;$ 364.90;$ 235.56;924,755,000;16.36;$ 317,431,401,300;;;$ 20.98
yahoo-finance;aapl;2.26%;343.26;335.94;7.59;15,446,986;343.46;334.20;335.67;364.90;235.56;;16.35;317.43b;;;20.99
bloomberg;goog;2.893%;521.028;506.740;14.648;3,594,575;521.180;506.380;;642.96;433.63;252.993mil;20.212;167,818.300mil;;;25.750
google-finance;goog;(2.89%);521.03;506.74;+14.65;3.59m;521.18;506.38;;642.96;433.63;322.25m;20.24;167.90b;;;25.75
msn-money;goog;+2.89%;521.03;506.74;+14.65;3.59 mil;521.18;506.38;506.38;642.96;433.63;322.25 mil;20.23;163.18 bil;;;25.75
nasdaq-com;goog;2.89%;$ 521.028;$ 506.74;14.648;3,594,065;$ 521.18;$ 506.38;$ 506.38;$ 642.96;$ 433.63;252,993,000;19.1;$ 131,816,436,804;;;$ 27.28
yahoo-finance;goog;2.89%;521.03;506.56;14.65;3,593,365;521.03;506.38;506.38;642.96;433.63;;20.23;167.90b;;;25.75
bloomberg;infy;1.288%;66.070;65.600;840;1,123,894;66.140;65.260;;77.92;56.17;574.188mil;24.641;37,936.580mil;2.045;0.425 regular cash;119.665
google-finance;infy;(1.29%);66.07;65.60;+0.84;1.12m;66.14;65.26;;77.92;56.73;571.30m;25.18;37.75b;1.01;0.44;2.62
msn-money;infy;+1.29%;66.07;65.60;+0.84;1.12 mil;66.14;65.26;65.23;77.92;56.73;571.32 mil;25.22;37.07 bil;1.03%;0.67;2.62
nasdaq-com;infy;1.29%;$ 66.07;$ 65.60;0.84;1,123,894;$ 66.14;$ 65.26;$ 65.23;$ 77.92;$ 56.73;571,318,000;25.31;$ 37,746,980,260;;;$ 2.61
yahoo-finance;infy;1.29%;66.07;65.63;0.84;1,123,894;66.14;65.27;65.23;77.92;56.73;;25.22;37.75b;1.30%;0.85;2.62
bloomberg;flir;1.454%;34.200;33.580;490;1,056,852;34.280;33.340;;37.29;24.00;159.683mil;22.353;5,461.143mil;351;0.060 regular cash;1.530
google-finance;flir;(1.45%);34.20;33.58;+0.49;1.06m;34.28;33.34;;37.29;24.00;159.68m;22.59;5.46b;0.70;0.06;1.51
msn-money;flir;+1.45%;34.20;33.58;+0.49;1.06 mil;34.28;33.34;33.71;37.29;24.00;159.68 mil;22.65;5.38 bil;0.71%;0.24;1.51
nasdaq-com;flir;1.45%;$ 34.20;$ 33.58;0.49;1,056,852;$ 34.28;$ 33.34;$ 33.71;$ 37.29;$ 24;159,683,000;22.65;$ 5,461,158,600;0.71 %;$0.240000;$ 1.51
yahoo-finance;flir;1.45%;34.20;33.43;0.49;1,056,852;34.28;33.34;33.71;37.29;24.00;;22.72;5.46b;0.70%;0.24;1.51
bloomberg;gmcr;1.221%;90.350;89.610;1.090;1,174,196;90.940;89.160;;90.94;24.84;150.388mil;91.263;13,587.550mil;;;990
google-finance;gmcr;(1.22%);90.35;89.61;+1.09;1.17m;90.94;89.16;;90.94;24.84;142.04m;114.65;12.83b;;;0.79
msn-money;gmcr;+1.22%;90.35;89.61;+1.09;1.17 mil;90.94;89.16;89.26;90.01;24.84;150.39 mil;114.37;13.42 bil;;;0.79
nasdaq-com;gmcr;1.22%;$ 90.35;$ 89.61;1.09;1,174,196;$ 90.94;$ 89.16;$ 89.26;$ 90.01;$ 24.84;152,785,000;114.37;$ 13,804,124,750;;;$ 0.79
yahoo-finance;gmcr;1.22%;90.35;89.61;1.09;1,174,096;90.94;89.16;89.26;90.94;24.84;;113.79;12.83b;;;0.79
bloomberg;lrcx;2.236%;45.270;44.320;990;1,518,831;45.650;43.899;;59.10;35.39;124.491mil;7.621;5,635.696mil;;;5.940
google-finance;lrcx;(2.24%);45.27;44.32;+0.99;1.52m;45.65;43.90;;59.10;35.39;124.49m;7.71;5.64b;;;5.88
msn-money;lrcx;+2.24%;45.27;44.32;+0.99;1.52 mil;45.65;43.90;44.28;59.10;35.39;124.49 mil;7.70;5.51 bil;;;5.88
nasdaq-com;lrcx;2.24%;$ 45.27;$ 44.32;0.99;1,518,071;$ 45.65;$ 43.8992;$ 44.28;$ 59.10;$ 35.39;124,491,000;7.7;$ 5,635,707,570;;;$ 5.88
yahoo-finance;lrcx;2.24%;45.27;44.39;0.99;1,517,971;45.65;43.92;44.28;59.10;35.39;;7.70;5.64b;;;5.88
bloomberg;xray;1.155%;38.520;38.190;440;2,793,472;38.540;37.920;;40.16;27.76;140.775mil;19.958;5,422.671mil;519;0.050 regular cash;1.930
google-finance;xray;(1.16%);38.52;38.19;+0.44;2.79m;38.54;37.92;;40.16;27.76;140.78m;20.43;5.42b;0.52;0.05;1.89
msn-money;xray;+1.16%;38.52;38.19;+0.44;2.79 mil;38.54;37.92;38.08;40.16;27.76;140.78 mil;20.38;5.36 bil;0.53%;0.20;1.89
nasdaq-com;xray;1.16%;$ 38.52;$ 38.19;0.44;2,793,472;$ 38.54;$ 37.92;$ 38.08;$ 40.16;$ 27.76;140,775,000;20.49;$ 5,422,653,000;0.53 %;$0.200000;$ 1.88
yahoo-finance;xray;1.16%;38.52;38.08;0.44;2,792,972;38.54;37.92;38.08;40.16;27.76;;20.37;5.42b;0.50%;0.20;1.89
bloomberg;chrw;2.258%;80.620;79.100;1.780;971,143;80.990;78.843;;82.05;54.50;165.564mil;33.314;13,347.740mil;1.388;0.290 regular cash;2.420
google-finance;chrw;(2.26%);80.62;79.10;+1.78;971,143.00;80.99;78.84;;82.05;54.50;165.56m;33.41;13.35b;1.44;0.29;2.41
msn-money;chrw;+2.26%;80.62;79.10;+1.78;971,143;80.99;78.84;78.84;82.05;54.50;165.56 mil;33.31;13.05 bil;1.47%;1.16;2.41
nasdaq-com;chrw;2.26%;$ 80.62;$ 79.10;1.78;971,143;$ 80.99;$ 78.8426;$ 78.84;$ 82.05;$ 54.50;165,564,000;33.31;$ 13,347,769,680;1.47 %;$1.160000;$ 2.42
yahoo-finance;chrw;2.26%;80.62;79.10;1.78;971,043;80.99;78.84;78.84;82.05;54.50;;33.31;13.35b;1.50%;1.16;2.42
bloomberg;adbe;254%;31.530;31.330;80;4,109,935;31.650;31.240;;35.99;25.45;493.867mil;17.614;15,571.610mil;;;1.790
google-finance;adbe;(0.25%);31.53;31.33;+0.08;4.11m;31.65;31.24;;35.99;25.45;504.46m;16.82;15.91b;;;1.87
msn-money;adbe;+0.25%;31.53;31.33;+0.08;4.11 mil;31.65;31.24;31.45;35.99;25.45;493.87 mil;16.95;15.53 bil;;;1.88
nasdaq-com;adbe;0.25%;$ 31.53;$ 31.33;0.08;4,107,435;$ 31.65;$ 31.24;$ 31.45;$ 35.99;$ 25.45;504,459,000;16.77;$ 15,905,592,270;;;$ 1.88
yahoo-finance;adbe;0.25%;31.53;31.35;0.08;4,106,835;31.65;31.24;31.45;35.99;25.45;;16.89;15.76b;;;1.87
bloomberg;fisv;1.780%;63.745;62.770;1.115;717,087;64.000;62.380;;64.89;44.85;143.611mil;18.213;9,154.494mil;;;3.500
google-finance;fisv;(1.78%);63.74;62.77;+1.11;717,087.00;64.00;62.38;;64.89;44.85;143.61m;19.28;9.15b;;;3.31
msn-money;fisv;+1.78%;63.75;62.77;+1.11;717,087;64.00;62.38;62.63;64.89;44.85;143.61 mil;19.26;8.99 bil;;;3.24
nasdaq-com;fisv;1.78%;$ 63.745;$ 62.77;1.115;717,087;$ 64;$ 62.38;$ 62.63;$ 64.89;$ 44.85;143,611,000;19.67;$ 9,154,483,195;;;$ 3.24
yahoo-finance;fisv;1.78%;63.74;62.76;1.11;716,887;64.00;62.38;62.63;64.89;44.85;;19.64;9.15b;;;3.25
bloomberg;wfm;1.513%;64.410;63.690;960;1,124,267;64.410;63.380;;66.87;33.96;175.713mil;36.597;11,317.660mil;466;0.100 regular cash;1.760
google-finance;wfm;(1.51%);64.41;63.69;+0.96;1.12m;64.41;63.38;;66.87;33.96;173.56m;37.23;11.18b;0.62;0.10;1.73
msn-money;wfm;+1.51%;64.41;63.69;+0.96;1.12 mil;64.41;63.38;63.45;66.87;33.96;175.71 mil;37.23;11.15 bil;0.63%;0.40;1.73
nasdaq-com;wfm;1.51%;$ 64.41;$ 63.69;0.96;1,124,067;$ 64.41;$ 63.38;$ 63.45;$ 66.87;$ 33.96;175,713,000;37.23;$ 11,317,674,330;0.63 %;$0.400000;$ 1.73
yahoo-finance;wfm;1.50%;64.40;63.69;0.95;1,124,067;64.41;63.38;63.45;66.87;33.96;;37.08;11.32b;0.60%;0.40;1.74
bloomberg;erts;2.500%;24.190;23.570;590;4,768,735;24.200;23.400;;24.79;14.06;332.448mil;;8,041.913mil;;;-550
google-finance;erts;(2.50%);24.19;23.57;+0.59;4.77m;24.20;23.40;;24.79;14.06;332.45m;;8.04b;;;-0.84
msn-money;erts;+2.50%;24.19;23.57;+0.59;4.77 mil;24.20;23.40;23.60;24.79;14.06;331.35 mil;-28.80;7.82 bil;;;-0.84
nasdaq-com;erts;2.5%;$ 24.19;$ 23.57;0.59;4,768,735;$ 24.20;$ 23.40;$ 23.60;$ 24.79;$ 14.06;332,448,000;;$ 8,041,917,120;;;$ -0.84
yahoo-finance;erts;2.50%;24.19;23.42;0.59;4,768,735;24.20;23.40;23.60;24.79;14.30;;;8.04b;;;-0.84
bloomberg;pcar;1.879%;52.050;51.240;960;1,984,988;52.170;50.620;;58.75;38.40;365.469mil;33.153;19,022.660mil;1.441;0.120 regular cash;1.570
google-finance;pcar;(1.88%);52.05;51.24;+0.96;1.98m;52.17;50.62;;58.75;38.60;365.47m;32.76;19.02b;0.92;0.12;1.59
msn-money;pcar;+1.88%;52.05;51.24;+0.96;1.98 mil;52.17;50.62;51.09;58.75;38.60;365.47 mil;32.74;18.67 bil;0.94%;0.48;1.59
nasdaq-com;pcar;1.88%;$ 52.05;$ 51.24;0.96;1,983,039;$ 52.17;$ 50.62;$ 51.09;$ 58.75;$ 38.60;365,469,000;32.74;$ 19,022,661,450;0.94 %;$0.480000;$ 1.59
yahoo-finance;pcar;1.88%;52.05;51.24;0.96;1,982,939;52.17;50.62;51.09;58.75;38.60;;32.74;19.02b;1.00%;0.48;1.59
bloomberg;mat;1.819%;27.990;27.550;500;2,213,698;28.000;27.490;;28.00;20.57;347.588mil;15.550;9,728.990mil;4.611;0.230 regular cash;1.800
google-finance;mat;(1.82%);27.99;27.55;+0.50;2.21m;28.00;27.49;;28.00;20.57;347.59m;15.15;9.73b;3.29;0.23;1.85
msn-money;mat;+1.82%;27.99;27.55;+0.50;2.21 mil;28.00;27.49;27.49;27.73;20.57;347.59 mil;15.21;9.56 bil;3.35%;0.92;1.85
nasdaq-com;mat;1.82%;$ 27.99;$ 27.55;0.50;2,211,845;$ 28;$ 27.49;$ 27.49;$ 27.73;$ 20.57;347,588,000;15.13;$ 9,728,988,120;3.35 %;$0.920000;$ 1.85
yahoo-finance;mat;1.82%;27.99;27.52;0.50;2,209,940;28.00;27.49;27.49;28.00;20.57;;15.11;9.73b;3.40%;0.92;1.85
bloomberg;mxim;1.291%;25.890;25.560;330;1,653,833;26.090;25.480;;28.44;15.67;295.368mil;17.493;7,647.069mil;3.244;0.210 regular cash;1.480
google-finance;mxim;(1.29%);25.89;25.56;+0.33;1.65m;26.09;25.48;;28.44;15.67;295.37m;18.64;7.65b;3.24;0.21;1.39
msn-money;mxim;+1.29%;25.89;25.56;+0.33;1.65 mil;26.09;25.48;25.56;28.44;15.67;295.37 mil;18.63;7.55 bil;3.29%;0.84;1.39
nasdaq-com;mxim;1.29%;$ 25.89;$ 25.56;0.33;1,652,343;$ 26.09;$ 25.48;$ 25.56;$ 28.44;$ 15.67;295,368,000;18.63;$ 7,647,077,520;3.29 %;$0.840000;$ 1.39
yahoo-finance;mxim;1.29%;25.89;25.57;0.33;1,651,943;26.09;25.48;25.56;28.44;15.67;;18.65;7.65b;3.40%;0.84;1.39
bloomberg;cmcsa;1.992%;25.730;25.300;503;11,608,937;25.790;25.170;;27.16;16.76;2,084.368mil;18.919;70,409.070mil;1.974;0.112 regular cash;1.360
google-finance;cmcsa;(1.99%);25.73;25.30;+0.50;11.61m;25.79;25.17;;27.16;16.76;2.76b;19.47;70.95b;1.75;0.11;1.32
msn-money;cmcsa;+1.99%;25.73;25.30;+0.50;11.61 mil;25.79;25.17;25.23;27.16;16.76;2.77 bil;19.49;69.34 bil;1.78%;0.45;1.32
nasdaq-com;cmcsa;1.99%;$ 25.73;$ 25.30;0.5025;11,607,337;$ 25.79;$ 25.17;$ 25.2275;$ 27.16;$ 16.76;2,084,368,000;19.49;$ 53,630,788,640;1.78 %;$0.450000;$ 1.32
yahoo-finance;cmcsa;1.99%;25.73;25.31;0.50;11,607,337;25.79;25.17;25.23;27.16;16.76;;19.49;71.17b;1.80%;0.45;1.32
bloomberg;orcl;425%;33.050;32.890;140;23,044,748;33.200;32.480;;36.50;21.24;5,065.515mil;18.672;167,415.300mil;636;0.060 regular cash;1.770
google-finance;orcl;(0.43%);33.05;32.89;+0.14;25.21m;33.20;32.48;;36.50;21.24;5.07b;19.86;167.42b;0.73;0.06;1.66
msn-money;orcl;+0.43%;33.05;32.89;+0.14;25.21 mil;33.20;32.48;32.91;36.50;21.24;5.07 bil;19.79;166.71 bil;0.73%;0.24;1.66
nasdaq-com;orcl;0.43%;$ 33.05;$ 32.89;0.14;25,214,864;$ 33.20;$ 32.48;$ 32.91;$ 36.50;$ 21.24;5,060,516,000;19.79;$ 167,250,053,800;0.73 %;$0.240000;$ 1.67
yahoo-finance;orcl;0.43%;33.05;32.85;0.14;25,206,995;33.20;32.49;32.91;36.50;21.24;;19.79;167.40b;0.70%;0.24;1.67
bloomberg;dltr;2.417%;68.230;67.020;1.610;935,770;68.500;66.740;;68.50;40.60;122.277mil;19.777;8,342.961mil;;;3.450
google-finance;dltr;(2.42%);68.23;67.02;+1.61;934,370.00;68.50;66.74;;68.50;40.60;122.28m;19.79;8.34b;;;3.45
msn-money;dltr;+2.42%;68.23;67.02;+1.61;934,370;68.50;66.74;66.62;67.99;40.60;122.28 mil;19.72;8.15 bil;;;3.45
nasdaq-com;dltr;2.42%;$ 68.23;$ 67.02;1.61;934,370;$ 68.50;$ 66.74;$ 66.62;$ 67.99;$ 40.60;122,277,000;19.78;$ 8,342,959,710;;;$ 3.45
yahoo-finance;dltr;2.42%;68.23;66.89;1.61;934,370;68.50;66.74;66.62;68.50;40.60;;19.85;8.34b;;;3.44
bloomberg;amgn;-120%;58.280;58.440;-70;5,227,363;58.440;57.890;;61.53;50.26;929.731mil;12.218;54,184.690mil;;0.000 rights redemption;4.770
google-finance;amgn;(-0.12%);58.28;58.44;-0.07;5.23m;58.44;57.89;;61.53;50.26;929.73m;12.12;54.18b;;;4.81
msn-money;amgn;-0.12%;58.28;58.44;-0.07;5.23 mil;58.44;57.89;58.35;61.53;50.26;929.73 mil;12.12;54.25 bil;;;4.81
nasdaq-com;amgn;0.12%;$ 58.28;$ 58.44;0.07;5,227,063;$ 58.44;$ 57.89;$ 58.35;$ 61.53;$ 50.26;929,731,000;12.12;$ 54,184,722,680;;;$ 4.81
yahoo-finance;amgn;0.12%;58.28;58.44;0.07;5,225,005;58.44;57.89;58.35;61.53;50.26;;12.11;54.18b;;;4.81
bloomberg;ca;1.445%;23.170;22.870;330;3,177,246;23.180;22.770;;25.68;17.70;506.108mil;14.391;11,726.530mil;734;0.050 regular cash;1.610
google-finance;ca;(1.44%);23.17;22.87;+0.33;3.18m;23.18;22.77;;25.68;17.70;506.11m;14.50;11.73b;0.86;0.05;1.60
msn-money;ca;+1.44%;23.17;22.87;+0.33;3.18 mil;23.18;22.77;22.84;25.68;17.70;507.38 mil;14.48;11.59 bil;0.88%;0.20;1.61
nasdaq-com;ca;1.44%;$ 23.17;$ 22.87;0.33;3,177,246;$ 23.18;$ 22.77;$ 22.84;$ 25.68;$ 17.70;506,108,000;14.39;$ 11,726,522,360;0.88 %;$0.200000;$ 1.61
yahoo-finance;ca;1.44%;23.17;22.87;0.33;3,172,253;23.17;22.77;22.84;25.68;17.70;;14.41;11.73b;0.90%;0.20;1.61
bloomberg;gild;1.304%;41.950;41.440;540;6,145,425;41.970;41.380;;42.93;31.73;787.054mil;12.712;33,016.930mil;;;3.300
google-finance;gild;(1.30%);41.95;41.44;+0.54;6.14m;41.97;41.38;;42.93;31.73;787.05m;13.13;33.02b;;;3.19
msn-money;gild;+1.30%;41.95;41.44;+0.54;6.14 mil;41.97;41.38;41.41;42.93;31.73;787.05 mil;13.11;32.59 bil;;;3.20
nasdaq-com;gild;1.3%;$ 41.95;$ 41.44;0.54;6,135,825;$ 41.97;$ 41.38;$ 41.41;$ 42.93;$ 31.73;787,054,000;13.19;$ 33,016,915,300;;;$ 3.18
yahoo-finance;gild;1.30%;41.95;41.44;0.54;6,134,025;41.95;41.38;41.41;42.93;31.73;;13.14;33.02b;;;3.19
bloomberg;symc;558%;19.830;19.820;110;6,792,906;19.885;19.710;;20.50;12.04;755.541mil;23.058;14,982.380mil;;;860
google-finance;symc;(0.56%);19.83;19.82;+0.11;6.78m;19.89;19.71;;20.50;12.04;755.54m;26.09;14.98b;;;0.76
msn-money;symc;+0.56%;19.83;19.82;+0.11;6.78 mil;19.89;19.71;19.72;20.50;12.04;755.54 mil;26.09;14.9 bil;;;0.76
nasdaq-com;symc;0.56%;$ 19.83;$ 19.82;0.11;6,781,157;$ 19.885;$ 19.71;$ 19.72;$ 20.50;$ 12.04;755,541,000;26.09;$ 14,982,378,030;;;$ 0.76
yahoo-finance;symc;0.56%;19.83;19.78;0.11;6,775,197;19.89;19.71;19.72;20.50;12.04;;26.09;14.98b;;;0.76
bloomberg;rimm;277%;28.930;28.720;80;12,775,795;29.000;28.450;;70.54;25.82;524.096mil;4.570;15,162.100mil;;;6.330
google-finance;rimm;(0.28%);28.93;28.72;+0.08;12.77m;29.00;28.45;;70.54;25.82;524.00m;4.59;15.16b;;;6.30
msn-money;rimm;+0.28%;28.93;28.72;+0.08;12.77 mil;29.00;28.45;28.85;70.54;25.82;524.11 mil;4.60;15.09 bil;;;6.31
nasdaq-com;rimm;0.28%;$ 28.93;$ 28.72;0.08;12,773,888;$ 29;$ 28.45;$ 28.85;$ 70.54;$ 25.82;523,869,000;4.58;$ 15,155,530,170;;;$ 6.31
yahoo-finance;rimm;0.28%;28.93;28.71;0.08;12,772,888;29.00;28.45;28.85;70.54;25.82;;4.59;15.07b;;;6.30
bloomberg;amzn;2.445%;209.490;205.550;5.000;3,979,082;210.270;203.610;;210.27;105.80;452.043mil;90.623;94,698.510mil;;;2.310
google-finance;amzn;(2.45%);209.49;205.55;+5.00;3.98m;210.27;203.61;;210.27;105.80;452.04m;90.78;94.70b;;;2.31
msn-money;amzn;+2.45%;209.49;205.55;+5.00;3.98 mil;210.27;203.61;204.49;206.39;105.80;452.04 mil;90.69;92.44 bil;;;2.31
nasdaq-com;amzn;2.45%;$ 209.49;$ 205.55;5;3,978,982;$ 210.27;$ 203.61;$ 204.49;$ 206.39;$ 105.80;452,043,000;90.69;$ 94,698,488,070;;;$ 2.31
yahoo-finance;amzn;2.45%;209.49;205.16;5.00;3,978,982;210.27;203.74;204.49;210.27;105.80;;90.73;94.70b;;;2.31
bloomberg;dell;1.860%;16.980;16.700;310;13,650,035;17.000;16.600;;17.00;11.34;1,885.934mil;9.872;32,023.170mil;;;1.720
google-finance;dell;(1.86%);16.98;16.70;+0.31;13.65m;17.00;16.60;;17.00;11.34;1.89b;10.17;32.02b;;;1.67
msn-money;dell;+1.86%;16.98;16.70;+0.31;13.65 mil;17.00;16.60;16.67;16.96;11.34;1.89 bil;10.17;31.44 bil;;;1.67
nasdaq-com;dell;1.86%;$ 16.98;$ 16.70;0.31;13,649,145;$ 17;$ 16.60;$ 16.67;$ 16.96;$ 11.34;1,887,170,000;10.17;$ 32,044,146,600;;;$ 1.67
yahoo-finance;dell;1.86%;16.98;16.68;0.31;13,649,145;17.00;16.60;16.67;17.00;11.34;;10.16;32.04b;;;1.67
bloomberg;flex;2.804%;6.600;6.450;180;3,868,464;6.610;6.420;;8.50;4.86;757.991mil;8.800;5,002.739mil;;;750
google-finance;flex;(2.80%);6.60;6.45;+0.18;3.87m;6.61;6.42;;8.50;4.86;757.99m;8.71;5.00b;;;0.76
msn-money;flex;+2.80%;6.60;6.45;+0.18;3.87 mil;6.61;6.42;6.42;8.50;4.86;740.00 mil;8.80;4.75 bil;;;0.76
nasdaq-com;flex;2.8%;$ 6.60;$ 6.45;0.18;3,868,464;$ 6.61;$ 6.42;$ 6.42;$ 8.50;$ 4.86;758,009,000;8.8;$ 5,002,859,400;;;$ 0.75
yahoo-finance;flex;2.80%;6.60;6.44;0.18;3,862,364;6.61;6.42;6.42;8.50;4.86;;8.80;5.00b;;;0.75
bloomberg;mu;4.679%;7.830;7.460;350;29,836,277;7.850;7.370;;11.95;6.36;1,001.471mil;14.500;7,841.517mil;;;540
google-finance;mu;(4.68%);7.83;7.46;+0.35;30.55m;7.85;7.37;;11.95;6.36;997.29m;12.75;7.81b;;;0.61
msn-money;mu;+4.68%;7.83;7.46;+0.35;30.55 mil;7.85;7.37;7.48;11.95;6.36;1.00 bil;13.05;7.49 bil;;;0.61
nasdaq-com;mu;4.68%;$ 7.83;$ 7.46;0.35;30,554,681;$ 7.85;$ 7.37;$ 7.48;$ 11.95;$ 6.36;1,001,471,000;12.84;$ 7,841,517,930;;;$ 0.61
yahoo-finance;mu;4.68%;7.83;7.50;0.35;30,554,281;7.85;7.37;7.48;11.95;6.36;;12.37;7.82b;;;0.63
bloomberg;cern;2.340%;62.540;61.360;1.430;949,101;62.590;60.820;;62.96;36.02;168.212mil;42.710;10,524.990mil;;;1.465
google-finance;cern;(2.34%);62.54;61.36;+1.43;949,101.00;62.59;60.82;;62.96;36.03;168.14m;42.63;10.52b;;;1.47
msn-money;cern;+2.34%;62.54;61.36;+1.43;949,101;62.59;60.82;61.11;62.96;36.03;168.21 mil;42.54;10.28 bil;;;1.47
nasdaq-com;cern;2.34%;$ 62.54;$ 61.36;1.43;949,101;$ 62.59;$ 60.82;$ 61.11;$ 62.955;$ 36.025;168,212,000;42.69;$ 10,519,978,480;;;$ 1.46
yahoo-finance;cern;2.34%;62.54;61.36;1.43;949,101;62.59;60.82;61.11;62.96;36.03;;42.54;10.52b;;;1.47
bloomberg;nwsa;2.034%;18.060;17.740;360;12,950,640;18.070;17.580;;18.35;11.61;1,828.109mil;14.683;47,732.380mil;834;0.075 regular cash;1.230
google-finance;nwsa;(2.03%);18.06;17.74;+0.36;12.86m;18.07;17.58;;18.35;11.61;2.63b;16.23;47.44b;0.83;0.08;1.11
msn-money;nwsa;+2.03%;18.06;17.74;+0.36;12.86 mil;18.07;17.58;17.70;18.35;11.61;2.63 bil;16.13;46.79 bil;0.85%;0.15;1.11
nasdaq-com;nwsa;2.03%;$ 18.06;$ 17.74;0.36;12,861,466;$ 18.07;$ 17.58;$ 17.70;$ 18.35;$ 11.61;1,828,109,000;16.27;$ 33,015,648,540;0.85 %;$0.150000;$ 1.11
yahoo-finance;nwsa;2.03%;18.06;17.72;0.36;12,861,466;18.07;17.58;17.70;18.35;11.65;;16.12;47.44b;0.90%;0.15;1.12
bloomberg;adsk;259%;38.700;38.600;100;3,268,365;38.890;38.440;;46.15;23.64;230.954mil;37.573;8,937.927mil;;;1.030
google-finance;adsk;(0.26%);38.70;38.60;+0.10;3.27m;38.89;38.44;;46.15;23.64;230.95m;37.21;8.94b;;;1.04
msn-money;adsk;+0.26%;38.70;38.60;+0.10;3.27 mil;38.89;38.44;38.60;46.15;23.64;230.95 mil;37.57;8.91 bil;;;1.04
nasdaq-com;adsk;0.26%;$ 38.70;$ 38.60;0.10;3,268,365;$ 38.89;$ 38.44;$ 38.60;$ 46.15;$ 23.64;229,803,000;37.57;$ 8,893,376,100;;;$ 1.03
yahoo-finance;adsk;0.26%;38.70;38.54;0.10;3,268,265;38.89;38.44;38.60;46.15;23.64;;37.54;8.94b;;;1.03
bloomberg;adp;2.297%;53.890;52.560;1.210;2,951,543;53.990;52.480;;55.12;38.41;499.705mil;21.730;26,929.090mil;2.635;0.360 regular cash;2.480
google-finance;adp;(2.30%);53.89;52.56;+1.21;2.95m;53.99;52.48;;55.12;38.41;499.70m;22.02;26.93b;2.67;0.36;2.45
msn-money;adp;+2.30%;53.89;52.56;+1.21;2.95 mil;53.99;52.48;52.68;55.12;38.41;499.70 mil;22.00;26.32 bil;2.73%;1.44;2.45
nasdaq-com;adp;2.3%;$ 53.89;$ 52.56;1.21;2,951,543;$ 53.99;$ 52.48;$ 52.68;$ 55.12;$ 38.41;499,705,000;22;$ 26,929,102,450;2.73 %;$1.440000;$ 2.45
yahoo-finance;adp;2.30%;53.89;52.60;1.21;2,951,143;53.99;52.48;52.68;55.12;38.41;;22.01;26.93b;2.70%;1.44;2.45
bloomberg;vrsn;1.255%;33.880;33.370;420;2,218,028;34.070;33.310;;37.73;21.85;174.000mil;61.600;5,895.120mil;16.932;2.750 special cash;550
google-finance;vrsn;(1.26%);33.88;33.37;+0.42;2.21m;34.07;33.31;;37.73;25.73;168.47m;73.91;5.71b;null;null;0.46
msn-money;vrsn;+1.26%;33.88;33.37;+0.42;2.21 mil;34.07;33.31;33.46;37.73;25.73;168.47 mil;70.58;5.64 bil;;;4.68
nasdaq-com;vrsn;1.26%;$ 33.88;$ 33.37;0.42;2,213,030;$ 34.07;$ 33.31;$ 33.46;$ 37.73;$ 25.73;168,472,000;7.24;$ 5,707,831,360;;;$ 4.68
yahoo-finance;vrsn;1.26%;33.88;33.39;0.42;2,212,930;34.07;33.31;33.46;37.73;25.73;;7.23;5.71b;;;4.69
bloomberg;celg;928%;60.880;60.750;560;2,460,853;60.970;60.170;;63.46;48.02;462.801mil;26.819;28,175.360mil;;;2.270
google-finance;celg;(0.93%);60.88;60.75;+0.56;2.46m;60.97;60.17;;63.46;48.02;462.80m;31.77;28.18b;;;1.92
msn-money;celg;+0.93%;60.88;60.75;+0.56;2.46 mil;60.97;60.17;60.32;63.46;48.02;462.80 mil;31.71;27.92 bil;;;1.92
nasdaq-com;celg;0.93%;$ 60.88;$ 60.75;0.56;2,460,853;$ 60.97;$ 60.17;$ 60.32;$ 63.46;$ 48.02;462,801,000;31.71;$ 28,175,324,880;;;$ 1.92
yahoo-finance;celg;0.93%;60.88;60.75;0.56;2,460,853;60.97;60.17;60.32;63.46;48.02;;31.71;28.18b;;;1.92
bloomberg;hpq;1.758%;37.040;36.550;640;13,982,129;37.130;36.340;;49.39;33.95;2,074.156mil;8.300;76,951.170mil;970;0.120 regular cash;4.470
google-finance;hpq;(1.79%);37.05;36.55;+0.65;14.76m;37.13;36.34;;49.39;33.95;2.07b;9.09;76.85b;1.30;0.12;4.08
msn-money;hpq;+1.79%;37.05;36.55;+0.65;14.76 mil;37.13;36.34;36.40;49.39;33.95;2.07 bil;9.08;75.5 bil;1.32%;0.48;4.08
nasdaq-com;hpq;1.77%;$ 37.045;;645;13,515,262;$ 37.13;$ 36.34;$ 36.40;$ 49.39;$ 33.95;2,074,156,000;9.1;$ 76,837,109,020;1.32 %;$0.480000;$ 4.07
yahoo-finance;hpq;1.79%;37.05;36.55;0.65;14,762,354;37.13;36.34;36.40;49.39;33.95;;9.11;76.85b;1.40%;0.48;4.07
bloomberg;alxn;1.021%;47.510;46.910;480;841,901;47.510;46.910;;52.50;24.30;183.835mil;81.214;8,734.017mil;;;585
google-finance;alxn;(1.02%);47.51;46.91;+0.48;841,901.00;47.51;46.91;;52.50;24.31;183.84m;86.56;8.73b;;;0.55
msn-money;alxn;+1.02%;47.51;46.91;+0.48;841,901;47.51;46.91;47.03;52.50;24.31;183.84 mil;87.17;8.65 bil;;;0.55
nasdaq-com;alxn;1.02%;$ 47.51;$ 46.91;0.48;841,901;$ 47.51;$ 46.91;$ 47.03;$ 52.50;$ 24.305;183,835,000;86.38;$ 8,734,000,850;;;$ 0.55
yahoo-finance;alxn;1.02%;47.51;46.91;0.48;841,801;47.51;46.91;47.03;52.50;24.31;;86.54;8.73b;;;0.55
bloomberg;lltc;1.242%;33.430;33.090;410;2,111,653;33.540;32.970;;36.14;27.03;227.734mil;13.871;7,613.151mil;2.810;0.240 regular cash;2.410
google-finance;lltc;(1.24%);33.43;33.09;+0.41;2.11m;33.54;32.97;;36.14;27.03;227.73m;14.16;7.61b;2.87;0.24;2.36
msn-money;lltc;+1.24%;33.43;33.09;+0.41;2.11 mil;33.54;32.97;33.02;36.14;27.03;227.73 mil;14.17;7.52 bil;2.91%;0.96;2.36
nasdaq-com;lltc;1.24%;$ 33.43;$ 33.09;0.41;2,109,369;$ 33.54;$ 32.97;$ 33.02;$ 36.14;$ 27.03;227,734,000;14.17;$ 7,613,147,620;2.91 %;$0.960000;$ 2.36
yahoo-finance;lltc;1.24%;33.43;33.10;0.41;2,109,269;33.51;32.97;33.02;36.14;27.03;;14.17;7.61b;3.00%;0.96;2.36
bloomberg;vrtx;-558%;51.700;51.490;-290;1,463,737;51.920;51.080;;58.87;31.25;205.998mil;;10,650.090mil;;;-3.610
google-finance;vrtx;(-0.56%);51.70;51.49;-0.29;1.46m;51.92;51.08;;58.87;31.25;206.00m;;10.65b;;;-3.80
msn-money;vrtx;-0.56%;51.70;51.49;-0.29;1.46 mil;51.92;51.08;51.99;58.87;31.25;206.00 mil;-13.57;10.71 bil;;;-3.80
nasdaq-com;vrtx;0.56%;$ 51.70;$ 51.49;0.29;1,458,378;$ 51.92;$ 51.08;$ 51.99;$ 58.87;$ 31.25;205,998,000;;$ 10,650,096,600;;;$ -3.81
yahoo-finance;vrtx;0.56%;51.70;51.50;0.29;1,458,278;51.92;51.08;51.99;58.87;31.25;;;10.65b;;;-3.80
bloomberg;wynn;4.201%;149.570;144.520;6.030;2,569,407;150.530;143.540;;151.73;67.75;124.758mil;46.164;18,660.020mil;5.843;0.500 regular cash;3.240
google-finance;wynn;(4.20%);149.57;144.52;+6.03;2.57m;150.53;143.54;;151.73;73.12;124.76m;61.02;18.66b;1.34;0.50;2.45
msn-money;wynn;+4.20%;149.57;144.52;+6.03;2.57 mil;150.53;143.54;143.54;151.73;73.12;124.76 mil;60.80;17.91 bil;1.39%;2.00;2.45
nasdaq-com;wynn;4.2%;$ 149.57;$ 144.54;6.03;2,569,107;$ 150.53;$ 143.54;$ 143.54;$ 151.73;$ 73.12;124,758,000;61.05;$ 18,660,054,060;1.39 %;$2.000000;$ 2.45
yahoo-finance;wynn;4.20%;149.57;144.65;6.03;2,567,707;150.53;143.54;143.54;151.73;73.12;;60.65;18.51b;1.40%;2.00;2.47
bloomberg;isrg;1.758%;378.650;373.250;6.540;228,489;379.400;371.440;;379.40;246.05;39.288mil;38.094;14,876.390mil;;;9.940
google-finance;isrg;(1.76%);378.65;373.25;+6.54;228,489.00;379.40;371.44;;379.40;246.05;39.29m;38.09;14.88b;;;9.94
msn-money;isrg;+1.76%;378.65;373.25;+6.54;228,489;379.40;371.44;372.11;377.84;246.05;39.29 mil;38.09;14.62 bil;;;9.94
nasdaq-com;isrg;1.76%;$ 378.65;$ 373.25;6.54;228,489;$ 379.40;$ 371.44;$ 372.11;$ 377.84;$ 246.05;39,288,000;38.09;$ 14,876,401,200;;;$ 9.94
yahoo-finance;isrg;1.76%;378.65;372.10;6.54;228,489;379.40;371.44;372.11;379.40;246.05;;38.10;14.88b;;;9.94
bloomberg;klac;2.396%;41.450;40.530;970;1,732,725;41.631;40.210;;51.83;26.69;167.903mil;10.209;6,959.581mil;2.408;0.250 regular cash;4.060
google-finance;klac;(2.40%);41.45;40.53;+0.97;1.73m;41.63;40.21;;51.83;26.69;167.90m;10.66;6.96b;2.41;0.25;3.89
msn-money;klac;+2.40%;41.45;40.53;+0.97;1.73 mil;41.63;40.21;40.48;51.83;26.69;167.90 mil;10.66;6.8 bil;2.47%;1.00;3.89
nasdaq-com;klac;2.4%;$ 41.45;$ 40.53;0.97;1,731,795;$ 41.631;$ 40.21;$ 40.48;$ 51.83;$ 26.69;167,903,000;10.68;$ 6,959,579,350;2.47 %;$1.000000;$ 3.88
yahoo-finance;klac;2.40%;41.45;40.50;0.97;1,731,795;41.63;40.21;40.48;51.83;26.69;;10.66;6.96b;2.50%;1.00;3.89
bloomberg;xlnx;1.604%;37.055;36.570;585;3,751,793;37.230;36.350;;37.23;23.96;265.625mil;15.186;9,842.750mil;1.803;0.190 regular cash;2.440
google-finance;xlnx;(1.60%);37.06;36.57;+0.58;3.75m;37.23;36.35;;37.23;23.96;265.63m;15.50;9.84b;2.05;0.19;2.39
msn-money;xlnx;+1.60%;37.06;36.57;+0.58;3.75 mil;37.23;36.35;36.47;36.60;23.96;265.63 mil;15.50;9.69 bil;2.08%;0.76;2.39
nasdaq-com;xlnx;1.6%;$ 37.055;$ 36.57;585;3,751,093;$ 37.23;$ 36.35;$ 36.47;$ 36.60;$ 23.96;265,625,000;15.44;$ 9,842,734,375;2.08 %;$0.760000;$ 2.40
yahoo-finance;xlnx;1.60%;37.06;36.57;0.58;3,748,478;37.23;36.35;36.47;37.23;23.96;;15.50;9.84b;2.10%;0.76;2.39
bloomberg;dtv;1.850%;51.760;51.110;940;3,683,628;51.840;50.780;;51.84;33.25;767.785mil;19.029;39,740.570mil;;;2.720
google-finance;dtv;(1.85%);51.76;51.11;+0.94;3.68m;51.84;50.78;;51.84;33.25;767.79m;18.90;39.74b;;;2.74
msn-money;dtv;+1.85%;51.76;51.11;+0.94;3.68 mil;51.84;50.78;50.82;51.23;33.25;767.79 mil;20.22;39.02 bil;;;2.74
nasdaq-com;dtv;1.85%;$ 51.76;$ 51.11;0.94;3,683,228;$ 51.84;$ 50.78;$ 50.82;$ 51.23;$ 33.25;767,785,000;20.22;$ 39,740,551,600;;;$ 2.56
yahoo-finance;dtv;1.85%;51.76;50.96;0.94;3,683,028;51.84;50.78;50.82;51.84;33.44;;19.00;39.74b;;;2.72
bloomberg;stx;1.238%;16.360;16.180;200;5,383,838;16.370;15.950;;18.35;9.84;430.085mil;10.555;7,036.193mil;1.107;0.180 regular cash;1.550
google-finance;stx;(1.24%);16.36;16.18;+0.20;5.38m;16.37;15.95;;18.35;9.84;430.09m;10.37;7.04b;4.40;0.18;1.58
msn-money;stx;+1.24%;16.36;16.18;+0.20;5.38 mil;16.37;15.95;16.16;18.35;9.84;430.09 mil;10.29;6.95 bil;4.46%;0.72;1.58
nasdaq-com;stx;1.24%;$ 16.36;$ 16.18;0.20;5,382,998;$ 16.37;$ 15.95;$ 16.16;$ 18.35;$ 9.84;430,085,000;10.29;$ 7,036,190,600;4.46 %;$0.720000;$ 1.59
yahoo-finance;stx;1.24%;16.36;16.06;0.20;5,378,898;16.37;15.95;16.16;18.35;9.84;;5.60;46.27m;2.30%;0.36;2.92
bloomberg;brcm;2.289%;34.410;33.820;770;6,380,973;34.700;33.590;;47.16;29.70;482.600mil;16.623;18,447.200mil;;0.090 return of capital;2.070
google-finance;brcm;(2.29%);34.41;33.82;+0.77;6.38m;34.70;33.59;;47.39;29.90;539.22m;17.36;18.55b;1.05;0.09;1.98
msn-money;brcm;+2.29%;34.41;33.82;+0.77;6.38 mil;34.70;33.59;33.64;47.39;29.90;536.00 mil;17.29;17.89 bil;1.07%;0.36;1.98
nasdaq-com;brcm;2.29%;$ 34.41;$ 33.82;0.77;6,380,973;$ 34.70;$ 33.59;$ 33.64;$ 47.39;$ 29.90;482,600,000;17.29;$ 16,606,266,000;1.07 %;$0.360000;$ 1.99
yahoo-finance;brcm;2.29%;34.41;33.80;0.77;6,379,725;34.70;33.60;33.64;47.39;29.90;;17.36;18.45b;1.10%;0.36;1.98
bloomberg;bbby;1.747%;59.390;58.480;1.020;2,185,264;59.525;58.400;;59.52;35.55;249.128mil;18.107;14,795.740mil;;;3.280
google-finance;bbby;(1.75%);59.39;58.48;+1.02;2.19m;59.53;58.40;;59.53;35.55;249.13m;18.11;14.80b;;;3.28
msn-money;bbby;+1.75%;59.39;58.48;+1.02;2.19 mil;59.53;58.40;58.37;58.62;35.55;249.13 mil;18.16;14.54 bil;;;3.28
nasdaq-com;bbby;1.75%;$ 59.39;$ 58.48;1.02;2,185,264;$ 59.525;$ 58.40;$ 58.37;$ 58.62;$ 35.55;249,128,000;18.11;$ 14,795,711,920;;;$ 3.28
yahoo-finance;bbby;1.75%;59.39;58.48;1.02;2,182,164;59.53;58.40;58.37;59.53;35.55;;18.11;14.58b;;;3.28
bloomberg;atvi;1.370%;11.840;11.710;160;3,429,156;11.880;11.640;;12.65;10.32;1,144.165mil;19.410;13,546.910mil;1.394;0.165 regular cash;610
google-finance;atvi;(1.37%);11.84;11.71;+0.16;3.43m;11.88;11.64;;12.65;10.32;1.14b;26.82;13.55b;1.39;0.17;0.44
msn-money;atvi;+1.37%;11.84;11.71;+0.16;3.43 mil;11.88;11.64;11.68;12.65;10.32;1.14 bil;26.31;13.36 bil;1.41%;0.17;0.44
nasdaq-com;atvi;1.37%;$ 11.84;$ 11.71;0.16;3,428,756;$ 11.88;$ 11.64;$ 11.68;$ 12.65;$ 10.32;1,144,165,000;27.53;$ 13,546,913,600;;;$ 0.43
yahoo-finance;atvi;1.37%;11.84;11.75;0.16;3,428,756;11.88;11.64;11.68;12.65;10.32;;27.41;13.55b;1.40%;0.17;0.43
bloomberg;yhoo;2.726%;15.450;15.080;410;15,329,183;15.500;15.020;;18.84;12.94;1,302.941mil;20.065;20,130.450mil;;;770
google-finance;yhoo;(2.73%);15.45;15.08;+0.41;15.33m;15.50;15.02;;18.84;12.94;1.30b;18.20;20.13b;;;0.85
msn-money;yhoo;+2.73%;15.45;15.08;+0.41;15.33 mil;15.50;15.02;15.04;18.84;12.94;1.30 bil;16.26;19.6 bil;;;0.85
nasdaq-com;yhoo;2.73%;$ 15.45;$ 15.07;0.41;15,327,483;$ 15.50;$ 15.02;$ 15.04;$ 18.84;$ 12.94;1,302,941,000;18.18;$ 20,130,438,450;;;$ 0.85
yahoo-finance;yhoo;2.73%;15.45;15.08;0.41;15,323,730;15.50;15.07;15.04;18.84;12.94;;18.16;20.13b;;;0.85
bloomberg;mrvl;2.337%;15.110;14.790;345;9,691,691;15.200;14.700;;22.01;13.17;611.318mil;11.898;9,237.011mil;;;1.270
google-finance;mrvl;(2.34%);15.11;14.79;+0.34;9.69m;15.20;14.70;;22.01;13.17;611.32m;12.03;9.24b;;;1.26
msn-money;mrvl;+2.34%;15.11;14.79;+0.34;9.69 mil;15.20;14.70;14.77;22.01;13.17;611.40 mil;11.99;9.03 bil;;;1.26
nasdaq-com;mrvl;2.34%;$ 15.11;$ 14.79;345;9,688,961;$ 15.20;$ 14.70;$ 14.765;$ 22.01;$ 13.17;611,318,000;11.99;$ 9,237,014,980;;;$ 1.26
yahoo-finance;mrvl;2.34%;15.11;14.76;0.34;9,688,961;15.20;14.70;14.77;22.01;13.17;;11.96;9.24b;;;1.26
bloomberg;amat;2.152%;13.290;13.010;280;11,620,332;13.310;12.880;;16.93;10.27;1,318.250mil;10.540;17,499.770mil;2.185;0.080 regular cash;1.260
google-finance;amat;(2.15%);13.29;13.01;+0.28;11.62m;13.31;12.88;;16.93;10.27;1.32b;11.20;17.52b;2.41;0.08;1.19
msn-money;amat;+2.15%;13.29;13.01;+0.28;11.62 mil;13.31;12.88;13.01;16.93;10.27;1.32 bil;11.17;17.15 bil;2.46%;0.32;1.19
nasdaq-com;amat;2.15%;$ 13.29;$ 13.01;0.28;11,620,332;$ 13.31;$ 12.88;$ 13.01;$ 16.93;$ 10.27;1,318,250,000;11.17;$ 17,519,542,500;2.46 %;$0.320000;$ 1.19
yahoo-finance;amat;2.15%;13.29;13.04;0.28;11,615,896;13.31;12.88;13.01;16.93;10.27;;11.18;17.52b;2.50%;0.32;1.19
bloomberg;akam;64%;31.490;31.370;20;5,003,397;31.650;30.980;;54.65;28.69;186.707mil;33.511;5,879.403mil;;;940
google-finance;akam;(0.06%);31.49;31.37;+0.02;5.00m;31.65;30.98;;54.65;28.69;186.71m;33.17;5.88b;;;0.95
msn-money;akam;+0.06%;31.49;31.37;+0.02;5 mil;31.65;30.98;31.47;54.65;28.69;186.71 mil;33.50;5.88 bil;;;0.95
nasdaq-com;akam;0.06%;$ 31.49;$ 31.37;0.02;5,000,537;$ 31.65;$ 30.98;$ 31.47;$ 54.65;$ 28.69;186,707,000;33.5;$ 5,879,403,430;;;$ 0.94
yahoo-finance;akam;0.06%;31.49;31.37;0.02;5,000,037;31.65;30.98;31.47;54.65;28.69;;33.32;5.88b;;;0.95
bloomberg;biib;1.478%;108.500;107.350;1.580;1,669,457;108.640;106.920;;109.63;46.15;241.632mil;22.460;26,212.260mil;;;4.830
google-finance;biib;(1.48%);108.50;107.35;+1.58;1.67m;108.64;106.92;;109.63;46.15;241.63m;24.92;26.22b;;;4.35
msn-money;biib;+1.48%;108.50;107.35;+1.58;1.67 mil;108.64;106.92;106.92;109.63;46.15;241.63 mil;25.00;25.84 bil;;;4.35
nasdaq-com;biib;1.48%;$ 108.50;$ 107.35;1.58;1,669,257;$ 108.64;$ 106.92;$ 106.92;$ 109.63;$ 46.15;241,632,000;24.89;$ 26,217,072,000;;;$ 4.36
yahoo-finance;biib;1.48%;108.50;107.13;1.58;1,669,157;108.64;106.92;106.92;109.63;46.15;;24.91;26.22b;;;4.36
bloomberg;urbn;2.735%;28.920;28.180;770;3,345,285;29.070;28.070;;39.26;27.96;159.690mil;18.902;4,618.249mil;;;1.530
google-finance;urbn;(2.74%);28.92;28.18;+0.77;3.34m;29.07;28.07;;39.26;27.96;159.69m;18.88;4.62b;;;1.53
msn-money;urbn;+2.74%;28.92;28.18;+0.77;3.34 mil;29.07;28.07;28.15;39.26;27.96;159.69 mil;19.03;4.5 bil;;;1.53
nasdaq-com;urbn;2.74%;$ 28.92;$ 28.18;0.77;3,343,521;$ 29.07;$ 28.07;$ 28.15;$ 39.26;$ 27.96;162,255,000;18.9;$ 4,692,414,600;;;$ 1.53
yahoo-finance;urbn;2.74%;28.92;28.18;0.77;3,343,021;29.07;28.07;28.15;39.26;27.96;;18.95;4.62b;;;1.53
bloomberg;teva;1.618%;49.000;48.470;780;4,006,925;49.060;48.300;;57.08;44.86;940.062mil;13.009;46,063.060mil;1.674;0.200 regular cash;3.767
google-finance;teva;(1.62%);49.00;48.47;+0.78;4.00m;49.06;48.30;;57.08;44.86;939.66m;13.16;46.04b;1.67;0.23;3.72
msn-money;teva;+1.62%;49.00;48.47;+0.78;4 mil;49.06;48.30;48.22;57.08;44.86;940.07 mil;10.79;45.01 bil;1.70%;0.82;3.72
nasdaq-com;teva;1.62%;$ 49;$ 48.47;0.78;4,004,825;$ 49.06;$ 48.30;$ 48.22;$ 57.08;$ 44.86;893,000,000;13.17;$ 43,757,000,000;1.91 %;$0.919196;$ 3.72
yahoo-finance;teva;1.62%;49.00;48.46;0.78;4,004,825;49.06;48.30;48.22;57.08;44.86;;13.17;43.76b;1.70%;0.80;3.72
bloomberg;orly;1.069%;66.210;65.610;700;1,653,811;66.520;65.550;;66.52;45.65;137.870mil;20.821;9,128.390mil;;;3.180
google-finance;orly;(1.07%);66.21;65.61;+0.70;1.64m;66.52;65.55;;66.52;45.65;137.87m;22.19;9.13b;;;2.98
msn-money;orly;+1.07%;66.21;65.61;+0.70;1.64 mil;66.52;65.55;65.51;65.63;45.65;137.87 mil;22.29;9.03 bil;;;2.98
nasdaq-com;orly;1.07%;$ 66.21;$ 65.61;0.70;1,642,876;$ 66.52;$ 65.55;$ 65.51;$ 65.63;$ 45.65;137,870,000;22.14;$ 9,128,372,700;;;$ 2.99
yahoo-finance;orly;1.07%;66.21;65.71;0.70;1,642,476;66.52;65.56;65.51;66.52;45.65;;22.30;9.13b;;;2.97
bloomberg;apol;6.364%;46.460;45.980;2.780;6,387,831;47.720;45.620;;53.61;33.75;137.281mil;9.488;6,583.124mil;;;4.900
google-finance;apol;(6.36%);46.46;45.98;+2.78;6.39m;47.72;45.62;;53.61;33.75;141.60m;17.70;6.58b;;;2.63
msn-money;apol;+6.36%;46.46;45.98;+2.78;6.39 mil;47.72;45.62;43.68;53.61;33.75;141.60 mil;17.34;6.19 bil;;;2.61
nasdaq-com;apol;6.36%;$ 46.46;$ 45.98;2.78;6,387,831;$ 47.72;$ 45.62;$ 43.68;$ 53.61;$ 33.75;141,128,000;15.75;$ 6,556,806,880;;;$ 2.95
yahoo-finance;apol;6.36%;46.46;45.77;2.78;6,385,231;47.70;45.62;43.68;53.61;33.75;;17.49;6.58b;;;2.66
bloomberg;linta;2.504%;17.190;16.780;420;3,342,206;17.240;16.700;;18.64;10.08;572.144mil;30.158;10,311.550mil;;;570
google-finance;linta;(2.50%);17.19;16.78;+0.42;3.34m;17.24;16.70;;18.65;10.07;601.16m;17.25;10.33b;;;1.00
msn-money;linta;+2.50%;17.19;16.78;+0.42;3.34 mil;17.24;16.70;16.77;18.65;10.08;734.73 mil;17.19;20.93 bil;;;1.00
nasdaq-com;linta;2.5%;$ 17.19;$ 16.78;0.42;3,342,206;$ 17.24;$ 16.70;$ 16.77;$ 18.645;$ 10.075;572,144,000;17.19;$ 9,835,155,360;;;$ 1
yahoo-finance;linta;2.50%;17.19;16.78;0.42;3,341,656;17.24;16.70;16.77;18.65;10.08;;17.07;10.33b;;;1.01
bloomberg;bidu;2.295%;143.346;139.440;3.216;7,198,371;143.350;138.900;;156.04;65.90;270.453mil;78.628;49,862.890mil;;;11.780
google-finance;bidu;(2.30%);143.35;139.44;+3.22;7.20m;143.35;138.90;;156.04;65.90;348.81m;78.65;50.00b;;;1.82
msn-money;bidu;+2.30%;143.35;139.44;+3.22;7.2 mil;143.35;138.90;140.13;156.04;65.90;348.81 mil;93.69;48.88 bil;;;1.82
nasdaq-com;bidu;2.3%;$ 143.346;$ 139.44;3.216;7,198,371;$ 143.35;$ 138.90;$ 140.13;$ 156.04;$ 65.90;270,768,000;80.99;$ 38,813,509,728;;;$ 1.77
yahoo-finance;bidu;2.30%;143.35;139.43;3.22;7,198,371;143.33;138.90;140.13;156.04;65.90;;78.68;50.00b;;;1.82
bloomberg;sndk;3.133%;42.800;41.555;1.300;5,728,346;42.920;41.510;;53.60;33.03;238.372mil;8.000;10,202.310mil;;;5.350
google-finance;sndk;(3.13%);42.80;41.56;+1.30;5.72m;42.92;41.51;;53.60;33.03;238.37m;8.00;10.20b;;;5.35
msn-money;sndk;+3.13%;42.80;41.56;+1.30;5.72 mil;42.92;41.51;41.50;53.61;33.03;238.37 mil;7.97;9.89 bil;;;5.35
nasdaq-com;sndk;3.13%;$ 42.80;$ 41.69;1.30;5,720,157;$ 42.92;$ 41.51;$ 41.50;$ 53.605;$ 33.03;238,372,000;8;$ 10,202,321,600;;;$ 5.35
yahoo-finance;sndk;3.13%;42.80;41.69;1.30;5,720,157;42.92;41.51;41.50;53.61;33.03;;7.98;10.20b;;;5.36
bloomberg;spls;759%;15.920;15.890;120;10,827,832;15.980;15.730;;23.75;14.75;713.154mil;12.438;11,353.410mil;2.387;0.100 regular cash;1.280
google-finance;spls;(0.76%);15.92;15.89;+0.12;10.82m;15.98;15.73;;23.75;14.75;713.15m;12.89;11.35b;2.51;0.10;1.24
msn-money;spls;+0.76%;15.92;15.89;+0.12;10.82 mil;15.98;15.73;15.80;23.75;14.75;713.15 mil;12.74;11.27 bil;2.53%;0.40;1.24
nasdaq-com;spls;0.76%;$ 15.92;$ 15.89;0.12;10,818,730;$ 15.98;$ 15.73;$ 15.80;$ 23.75;$ 14.75;713,154,000;12.84;$ 11,353,411,680;2.53 %;$0.400000;$ 1.24
yahoo-finance;spls;0.76%;15.92;15.84;0.12;10,818,730;15.98;15.73;15.80;23.75;14.75;;12.93;11.35b;2.60%;0.40;1.23
bloomberg;pcln;2.514%;524.798;513.390;12.868;1,056,772;525.240;510.000;;561.88;173.75;49.647mil;45.794;26,054.520mil;;;11.460
google-finance;pcln;(2.51%);524.80;513.39;+12.87;1.06m;525.24;510.00;;561.88;173.75;49.65m;46.12;26.05b;;;11.38
msn-money;pcln;+2.51%;524.80;513.39;+12.87;1.06 mil;525.24;510.00;511.93;561.88;173.75;49.65 mil;46.28;25.42 bil;;;11.38
nasdaq-com;pcln;2.51%;$ 524.798;$ 513.39;12.868;1,056,407;$ 525.24;$ 510;$ 511.93;$ 561.88;$ 173.75;49,647,000;46.12;$ 26,054,646,306;;;$ 11.38
yahoo-finance;pcln;2.51%;524.80;513.39;12.87;1,056,407;525.16;510.00;511.93;561.88;173.75;;46.31;26.05b;;;11.33
bloomberg;vod;674%;26.900;26.420;180;9,027,217;26.960;26.400;;32.70;20.71;5,110.882mil;;137,482.700mil;5.336;0.960 regular cash;
google-finance;vod;(0.67%);26.90;26.42;+0.18;8.99m;26.96;26.40;;32.70;20.71;5.13b;11.14;138.06b;5.34;0.98;2.41
msn-money;vod;+0.67%;26.90;26.42;+0.18;8.99 mil;26.96;26.40;26.72;32.70;20.71;5.11 bil;;135.74 bil;5.37%;1.44;2.41
nasdaq-com;vod;0.67%;$ 26.90;$ 26.42;0.18;8,993,917;$ 26.96;$ 26.40;$ 26.72;$ 32.70;$ 20.71;5,157,753,000;;$ 138,743,555,700;7.33 %;$1.959836;
yahoo-finance;vod;0.67%;26.90;26.41;0.18;8,993,917;26.96;26.40;26.72;29.75;20.71;;11.07;140.19b;7.20%;1.92;2.43
bloomberg;wcrx;829%;24.330;24.100;200;1,330,531;24.340;24.000;;25.92;15.19;253.873mil;29.671;6,176.724mil;34.965;8.500 special cash;820
google-finance;wcrx;(0.83%);24.33;24.10;+0.20;1.28m;24.34;24.00;;30.57;19.01;253.87m;37.63;6.18b;null;null;0.65
msn-money;wcrx;+0.83%;24.33;24.10;+0.20;1.28 mil;24.34;24.00;24.13;30.57;19.01;253.87 mil;38.02;6.13 bil;;;0.65
nasdaq-com;wcrx;0.83%;$ 24.33;$ 24.10;0.20;1,277,481;$ 24.34;$ 24;$ 24.13;$ 30.57;$ 19.01;253,873,000;37.43;$ 6,176,730,090;;;$ 0.65
yahoo-finance;wcrx;0.83%;24.33;24.12;0.20;1,277,481;24.34;24.00;24.13;30.57;19.01;;38.08;6.18b;;;0.64
bloomberg;expe;1.897%;29.540;28.960;550;2,252,136;29.630;28.890;;29.85;18.30;247.777mil;20.095;8,075.563mil;947;0.070 regular cash;1.470
google-finance;expe;(1.90%);29.54;28.96;+0.55;2.25m;29.63;28.89;;29.85;18.30;273.38m;20.35;8.08b;0.95;0.07;1.45
msn-money;expe;+1.90%;29.54;28.96;+0.55;2.25 mil;29.63;28.89;28.99;29.85;18.30;273.38 mil;20.37;7.93 bil;0.97%;0.28;1.45
nasdaq-com;expe;1.9%;$ 29.54;$ 28.96;0.55;2,251,336;$ 29.63;$ 28.89;$ 28.99;$ 29.85;$ 18.30;247,777,000;20.23;$ 7,319,332,580;0.97 %;$0.280000;$ 1.46
yahoo-finance;expe;1.90%;29.54;28.89;0.55;2,250,036;29.63;28.89;28.99;29.85;18.30;;20.23;8.08b;1.00%;0.28;1.46
bloomberg;expd;2.422%;52.430;51.210;1.240;1,128,328;52.490;51.190;;57.15;33.65;212.370mil;30.306;11,134.570mil;859;0.250 regular cash;1.730
google-finance;expd;(2.42%);52.43;51.21;+1.24;1.13m;52.49;51.19;;57.15;33.65;212.37m;30.31;11.13b;0.95;0.25;1.73
msn-money;expd;+2.42%;52.43;51.21;+1.24;1.13 mil;52.49;51.19;51.19;57.15;33.65;212.37 mil;30.31;10.87 bil;0.98%;0.50;1.73
nasdaq-com;expd;2.42%;$ 52.43;$ 51.21;1.24;1,128,328;$ 52.49;$ 51.19;$ 51.19;$ 57.15;$ 33.65;212,370,000;30.31;$ 11,134,559,100;0.98 %;$0.500000;$ 1.73
yahoo-finance;expd;2.42%;52.43;51.19;1.24;1,127,428;52.49;51.19;51.19;57.15;33.65;;30.31;11.13b;1.00%;0.50;1.73
bloomberg;ebay;1.456%;32.740;32.260;470;12,848,472;32.800;31.990;;35.35;19.06;1,297.899mil;22.985;42,493.210mil;;;1.424
google-finance;ebay;(1.46%);32.74;32.26;+0.47;12.85m;32.80;31.99;;35.35;19.06;1.30b;23.10;42.49b;;;1.42
msn-money;ebay;+1.46%;32.74;32.26;+0.47;12.85 mil;32.80;31.99;32.27;35.35;19.06;1.30 bil;23.06;41.88 bil;;;1.42
nasdaq-com;ebay;1.46%;$ 32.74;$ 32.22;0.47;12,847,872;$ 32.80;$ 31.99;$ 32.27;$ 35.35;$ 19.06;1,297,899,000;23.06;$ 42,493,213,260;;;$ 1.42
yahoo-finance;ebay;1.46%;32.74;32.26;0.47;12,842,033;32.80;31.99;32.27;35.35;19.06;;23.06;42.49b;;;1.42
bloomberg;shld;966%;72.130;71.050;690;414,702;72.440;69.650;;94.79;59.21;107.706mil;;7,768.811mil;;;-410
google-finance;shld;(0.97%);72.13;71.05;+0.69;414,172.00;72.44;69.65;;94.79;59.21;107.71m;;7.77b;;;-0.48
msn-money;shld;+0.97%;72.13;71.05;+0.69;414,172;72.44;69.65;71.44;94.79;59.21;107.71 mil;-136.09;7.69 bil;;;-0.48
nasdaq-com;shld;0.97%;$ 72.13;$ 71.05;0.69;414,172;$ 72.44;$ 69.65;$ 71.44;$ 94.7884;$ 59.21;107,706,000;;$ 7,768,833,780;;;$ -0.48
yahoo-finance;shld;0.97%;72.13;71.00;0.69;414,172;72.44;69.65;71.44;94.79;59.21;;;7.77b;;;-0.49